0 verbose cli /data/data/com.termux/files/usr/bin/node /data/data/com.termux/files/usr/bin/npm
1 info using npm@11.4.2
2 info using node@v24.4.1
3 silly config load:file:/data/data/com.termux/files/usr/lib/node_modules/npm/npmrc
4 silly config load:file:/data/data/com.termux/files/home/my-project-clean/.npmrc
5 silly config load:file:/data/data/com.termux/files/home/.npmrc
6 silly config load:file:/data/data/com.termux/files/usr/etc/npmrc
7 verbose title npm install
8 verbose argv "install"
9 verbose logfile logs-max:10 dir:/data/data/com.termux/files/home/.npm/_logs/2025-07-30T04_05_29_000Z-
10 verbose logfile /data/data/com.termux/files/home/.npm/_logs/2025-07-30T04_05_29_000Z-debug-0.log
11 silly logfile start cleaning logs, removing 1 files
12 silly packumentCache heap:1048838144 maxSize:262209536 maxEntrySize:131104768
13 silly logfile done cleaning log files
14 silly idealTree buildDeps
15 silly reify mark retired [
15 silly reify   '/data/data/com.termux/files/home/my-project-clean/node_modules/acorn-jsx'
15 silly reify ]
16 silly reify mark retired [
16 silly reify   '/data/data/com.termux/files/home/my-project-clean/node_modules/acorn'
16 silly reify ]
17 silly reify mark retired [
17 silly reify   '/data/data/com.termux/files/home/my-project-clean/node_modules/ajv'
17 silly reify ]
18 silly reify mark retired [
18 silly reify   '/data/data/com.termux/files/home/my-project-clean/node_modules/ansi-regex'
18 silly reify ]
19 silly reify mark retired [
19 silly reify   '/data/data/com.termux/files/home/my-project-clean/node_modules/any-promise'
19 silly reify ]
20 silly reify mark retired [
20 silly reify   '/data/data/com.termux/files/home/my-project-clean/node_modules/anymatch'
20 silly reify ]
21 silly reify mark retired [
21 silly reify   '/data/data/com.termux/files/home/my-project-clean/node_modules/arg'
21 silly reify ]
22 silly reify mark retired [
22 silly reify   '/data/data/com.termux/files/home/my-project-clean/node_modules/argparse'
22 silly reify ]
23 silly reify mark retired [
23 silly reify   '/data/data/com.termux/files/home/my-project-clean/node_modules/balanced-match'
23 silly reify ]
24 silly reify mark retired [
24 silly reify   '/data/data/com.termux/files/home/my-project-clean/node_modules/binary-extensions'
24 silly reify ]
25 silly reify mark retired [
25 silly reify   '/data/data/com.termux/files/home/my-project-clean/node_modules/brace-expansion'
25 silly reify ]
26 silly reify mark retired [
26 silly reify   '/data/data/com.termux/files/home/my-project-clean/node_modules/braces'
26 silly reify ]
27 silly reify mark retired [
27 silly reify   '/data/data/com.termux/files/home/my-project-clean/node_modules/callsites'
27 silly reify ]
28 silly reify mark retired [
28 silly reify   '/data/data/com.termux/files/home/my-project-clean/node_modules/camelcase-css'
28 silly reify ]
29 silly reify mark retired [
29 silly reify   '/data/data/com.termux/files/home/my-project-clean/node_modules/chokidar'
29 silly reify ]
30 silly reify mark retired [
30 silly reify   '/data/data/com.termux/files/home/my-project-clean/node_modules/commander'
30 silly reify ]
31 silly reify mark retired [
31 silly reify   '/data/data/com.termux/files/home/my-project-clean/node_modules/concat-map'
31 silly reify ]
32 silly reify mark retired [
32 silly reify   '/data/data/com.termux/files/home/my-project-clean/node_modules/cross-spawn'
32 silly reify ]
33 silly reify mark retired [
33 silly reify   '/data/data/com.termux/files/home/my-project-clean/node_modules/cssesc'
33 silly reify ]
34 silly reify mark retired [
34 silly reify   '/data/data/com.termux/files/home/my-project-clean/node_modules/debug'
34 silly reify ]
35 silly reify mark retired [
35 silly reify   '/data/data/com.termux/files/home/my-project-clean/node_modules/deep-is'
35 silly reify ]
36 silly reify mark retired [
36 silly reify   '/data/data/com.termux/files/home/my-project-clean/node_modules/didyoumean'
36 silly reify ]
37 silly reify mark retired [
37 silly reify   '/data/data/com.termux/files/home/my-project-clean/node_modules/dlv'
37 silly reify ]
38 silly reify mark retired [
38 silly reify   '/data/data/com.termux/files/home/my-project-clean/node_modules/eastasianwidth'
38 silly reify ]
39 silly reify mark retired [
39 silly reify   '/data/data/com.termux/files/home/my-project-clean/node_modules/emoji-regex'
39 silly reify ]
40 silly reify mark retired [
40 silly reify   '/data/data/com.termux/files/home/my-project-clean/node_modules/esbuild'
40 silly reify ]
41 silly reify mark retired [
41 silly reify   '/data/data/com.termux/files/home/my-project-clean/node_modules/eslint'
41 silly reify ]
42 silly reify mark retired [
42 silly reify   '/data/data/com.termux/files/home/my-project-clean/node_modules/eslint-scope'
42 silly reify ]
43 silly reify mark retired [
43 silly reify   '/data/data/com.termux/files/home/my-project-clean/node_modules/eslint-visitor-keys'
43 silly reify ]
44 silly reify mark retired [
44 silly reify   '/data/data/com.termux/files/home/my-project-clean/node_modules/espree'
44 silly reify ]
45 silly reify mark retired [
45 silly reify   '/data/data/com.termux/files/home/my-project-clean/node_modules/esquery'
45 silly reify ]
46 silly reify mark retired [
46 silly reify   '/data/data/com.termux/files/home/my-project-clean/node_modules/esrecurse'
46 silly reify ]
47 silly reify mark retired [
47 silly reify   '/data/data/com.termux/files/home/my-project-clean/node_modules/estraverse'
47 silly reify ]
48 silly reify mark retired [
48 silly reify   '/data/data/com.termux/files/home/my-project-clean/node_modules/esutils'
48 silly reify ]
49 silly reify mark retired [
49 silly reify   '/data/data/com.termux/files/home/my-project-clean/node_modules/fast-deep-equal'
49 silly reify ]
50 silly reify mark retired [
50 silly reify   '/data/data/com.termux/files/home/my-project-clean/node_modules/fast-glob'
50 silly reify ]
51 silly reify mark retired [
51 silly reify   '/data/data/com.termux/files/home/my-project-clean/node_modules/fast-json-stable-stringify'
51 silly reify ]
52 silly reify mark retired [
52 silly reify   '/data/data/com.termux/files/home/my-project-clean/node_modules/fast-levenshtein'
52 silly reify ]
53 silly reify mark retired [
53 silly reify   '/data/data/com.termux/files/home/my-project-clean/node_modules/fastq'
53 silly reify ]
54 silly reify mark retired [
54 silly reify   '/data/data/com.termux/files/home/my-project-clean/node_modules/file-entry-cache'
54 silly reify ]
55 silly reify mark retired [
55 silly reify   '/data/data/com.termux/files/home/my-project-clean/node_modules/fill-range'
55 silly reify ]
56 silly reify mark retired [
56 silly reify   '/data/data/com.termux/files/home/my-project-clean/node_modules/find-up'
56 silly reify ]
57 silly reify mark retired [
57 silly reify   '/data/data/com.termux/files/home/my-project-clean/node_modules/flat-cache'
57 silly reify ]
58 silly reify mark retired [
58 silly reify   '/data/data/com.termux/files/home/my-project-clean/node_modules/flatted'
58 silly reify ]
59 silly reify mark retired [
59 silly reify   '/data/data/com.termux/files/home/my-project-clean/node_modules/foreground-child'
59 silly reify ]
60 silly reify mark retired [
60 silly reify   '/data/data/com.termux/files/home/my-project-clean/node_modules/fsevents'
60 silly reify ]
61 silly reify mark retired [
61 silly reify   '/data/data/com.termux/files/home/my-project-clean/node_modules/function-bind'
61 silly reify ]
62 silly reify mark retired [
62 silly reify   '/data/data/com.termux/files/home/my-project-clean/node_modules/glob'
62 silly reify ]
63 silly reify mark retired [
63 silly reify   '/data/data/com.termux/files/home/my-project-clean/node_modules/glob-parent'
63 silly reify ]
64 silly reify mark retired [
64 silly reify   '/data/data/com.termux/files/home/my-project-clean/node_modules/globals'
64 silly reify ]
65 silly reify mark retired [
65 silly reify   '/data/data/com.termux/files/home/my-project-clean/node_modules/graphemer'
65 silly reify ]
66 silly reify mark retired [
66 silly reify   '/data/data/com.termux/files/home/my-project-clean/node_modules/hasown'
66 silly reify ]
67 silly reify mark retired [
67 silly reify   '/data/data/com.termux/files/home/my-project-clean/node_modules/ignore'
67 silly reify ]
68 silly reify mark retired [
68 silly reify   '/data/data/com.termux/files/home/my-project-clean/node_modules/import-fresh'
68 silly reify ]
69 silly reify mark retired [
69 silly reify   '/data/data/com.termux/files/home/my-project-clean/node_modules/imurmurhash'
69 silly reify ]
70 silly reify mark retired [
70 silly reify   '/data/data/com.termux/files/home/my-project-clean/node_modules/is-binary-path'
70 silly reify ]
71 silly reify mark retired [
71 silly reify   '/data/data/com.termux/files/home/my-project-clean/node_modules/is-core-module'
71 silly reify ]
72 silly reify mark retired [
72 silly reify   '/data/data/com.termux/files/home/my-project-clean/node_modules/is-extglob'
72 silly reify ]
73 silly reify mark retired [
73 silly reify   '/data/data/com.termux/files/home/my-project-clean/node_modules/is-fullwidth-code-point'
73 silly reify ]
74 silly reify mark retired [
74 silly reify   '/data/data/com.termux/files/home/my-project-clean/node_modules/is-glob'
74 silly reify ]
75 silly reify mark retired [
75 silly reify   '/data/data/com.termux/files/home/my-project-clean/node_modules/is-number'
75 silly reify ]
76 silly reify mark retired [
76 silly reify   '/data/data/com.termux/files/home/my-project-clean/node_modules/isexe'
76 silly reify ]
77 silly reify mark retired [
77 silly reify   '/data/data/com.termux/files/home/my-project-clean/node_modules/jackspeak'
77 silly reify ]
78 silly reify mark retired [
78 silly reify   '/data/data/com.termux/files/home/my-project-clean/node_modules/jiti'
78 silly reify ]
79 silly reify mark retired [
79 silly reify   '/data/data/com.termux/files/home/my-project-clean/node_modules/js-yaml'
79 silly reify ]
80 silly reify mark retired [
80 silly reify   '/data/data/com.termux/files/home/my-project-clean/node_modules/json-buffer'
80 silly reify ]
81 silly reify mark retired [
81 silly reify   '/data/data/com.termux/files/home/my-project-clean/node_modules/json-schema-traverse'
81 silly reify ]
82 silly reify mark retired [
82 silly reify   '/data/data/com.termux/files/home/my-project-clean/node_modules/json-stable-stringify-without-jsonify'
82 silly reify ]
83 silly reify mark retired [
83 silly reify   '/data/data/com.termux/files/home/my-project-clean/node_modules/keyv'
83 silly reify ]
84 silly reify mark retired [
84 silly reify   '/data/data/com.termux/files/home/my-project-clean/node_modules/levn'
84 silly reify ]
85 silly reify mark retired [
85 silly reify   '/data/data/com.termux/files/home/my-project-clean/node_modules/lilconfig'
85 silly reify ]
86 silly reify mark retired [
86 silly reify   '/data/data/com.termux/files/home/my-project-clean/node_modules/lines-and-columns'
86 silly reify ]
87 silly reify mark retired [
87 silly reify   '/data/data/com.termux/files/home/my-project-clean/node_modules/locate-path'
87 silly reify ]
88 silly reify mark retired [
88 silly reify   '/data/data/com.termux/files/home/my-project-clean/node_modules/lodash.merge'
88 silly reify ]
89 silly reify mark retired [
89 silly reify   '/data/data/com.termux/files/home/my-project-clean/node_modules/merge2'
89 silly reify ]
90 silly reify mark retired [
90 silly reify   '/data/data/com.termux/files/home/my-project-clean/node_modules/micromatch'
90 silly reify ]
91 silly reify mark retired [
91 silly reify   '/data/data/com.termux/files/home/my-project-clean/node_modules/minimatch'
91 silly reify ]
92 silly reify mark retired [
92 silly reify   '/data/data/com.termux/files/home/my-project-clean/node_modules/minipass'
92 silly reify ]
93 silly reify mark retired [ '/data/data/com.termux/files/home/my-project-clean/node_modules/ms' ]
94 silly reify mark retired [ '/data/data/com.termux/files/home/my-project-clean/node_modules/mz' ]
95 silly reify mark retired [
95 silly reify   '/data/data/com.termux/files/home/my-project-clean/node_modules/nanoid'
95 silly reify ]
96 silly reify mark retired [
96 silly reify   '/data/data/com.termux/files/home/my-project-clean/node_modules/natural-compare'
96 silly reify ]
97 silly reify mark retired [
97 silly reify   '/data/data/com.termux/files/home/my-project-clean/node_modules/normalize-path'
97 silly reify ]
98 silly reify mark retired [
98 silly reify   '/data/data/com.termux/files/home/my-project-clean/node_modules/object-assign'
98 silly reify ]
99 silly reify mark retired [
99 silly reify   '/data/data/com.termux/files/home/my-project-clean/node_modules/object-hash'
99 silly reify ]
100 silly reify mark retired [
100 silly reify   '/data/data/com.termux/files/home/my-project-clean/node_modules/optionator'
100 silly reify ]
101 silly reify mark retired [
101 silly reify   '/data/data/com.termux/files/home/my-project-clean/node_modules/p-limit'
101 silly reify ]
102 silly reify mark retired [
102 silly reify   '/data/data/com.termux/files/home/my-project-clean/node_modules/p-locate'
102 silly reify ]
103 silly reify mark retired [
103 silly reify   '/data/data/com.termux/files/home/my-project-clean/node_modules/package-json-from-dist'
103 silly reify ]
104 silly reify mark retired [
104 silly reify   '/data/data/com.termux/files/home/my-project-clean/node_modules/parent-module'
104 silly reify ]
105 silly reify mark retired [
105 silly reify   '/data/data/com.termux/files/home/my-project-clean/node_modules/path-exists'
105 silly reify ]
106 silly reify mark retired [
106 silly reify   '/data/data/com.termux/files/home/my-project-clean/node_modules/path-key'
106 silly reify ]
107 silly reify mark retired [
107 silly reify   '/data/data/com.termux/files/home/my-project-clean/node_modules/path-parse'
107 silly reify ]
108 silly reify mark retired [
108 silly reify   '/data/data/com.termux/files/home/my-project-clean/node_modules/path-scurry'
108 silly reify ]
109 silly reify mark retired [
109 silly reify   '/data/data/com.termux/files/home/my-project-clean/node_modules/picocolors'
109 silly reify ]
110 silly reify mark retired [
110 silly reify   '/data/data/com.termux/files/home/my-project-clean/node_modules/picomatch'
110 silly reify ]
111 silly reify mark retired [
111 silly reify   '/data/data/com.termux/files/home/my-project-clean/node_modules/pify'
111 silly reify ]
112 silly reify mark retired [
112 silly reify   '/data/data/com.termux/files/home/my-project-clean/node_modules/pirates'
112 silly reify ]
113 silly reify mark retired [
113 silly reify   '/data/data/com.termux/files/home/my-project-clean/node_modules/postcss'
113 silly reify ]
114 silly reify mark retired [
114 silly reify   '/data/data/com.termux/files/home/my-project-clean/node_modules/postcss-import'
114 silly reify ]
115 silly reify mark retired [
115 silly reify   '/data/data/com.termux/files/home/my-project-clean/node_modules/postcss-js'
115 silly reify ]
116 silly reify mark retired [
116 silly reify   '/data/data/com.termux/files/home/my-project-clean/node_modules/postcss-load-config'
116 silly reify ]
117 silly reify mark retired [
117 silly reify   '/data/data/com.termux/files/home/my-project-clean/node_modules/postcss-nested'
117 silly reify ]
118 silly reify mark retired [
118 silly reify   '/data/data/com.termux/files/home/my-project-clean/node_modules/postcss-selector-parser'
118 silly reify ]
119 silly reify mark retired [
119 silly reify   '/data/data/com.termux/files/home/my-project-clean/node_modules/postcss-value-parser'
119 silly reify ]
120 silly reify mark retired [
120 silly reify   '/data/data/com.termux/files/home/my-project-clean/node_modules/prelude-ls'
120 silly reify ]
121 silly reify mark retired [
121 silly reify   '/data/data/com.termux/files/home/my-project-clean/node_modules/punycode'
121 silly reify ]
122 silly reify mark retired [
122 silly reify   '/data/data/com.termux/files/home/my-project-clean/node_modules/queue-microtask'
122 silly reify ]
123 silly reify mark retired [
123 silly reify   '/data/data/com.termux/files/home/my-project-clean/node_modules/read-cache'
123 silly reify ]
124 silly reify mark retired [
124 silly reify   '/data/data/com.termux/files/home/my-project-clean/node_modules/readdirp'
124 silly reify ]
125 silly reify mark retired [
125 silly reify   '/data/data/com.termux/files/home/my-project-clean/node_modules/resolve'
125 silly reify ]
126 silly reify mark retired [
126 silly reify   '/data/data/com.termux/files/home/my-project-clean/node_modules/resolve-from'
126 silly reify ]
127 silly reify mark retired [
127 silly reify   '/data/data/com.termux/files/home/my-project-clean/node_modules/reusify'
127 silly reify ]
128 silly reify mark retired [
128 silly reify   '/data/data/com.termux/files/home/my-project-clean/node_modules/rollup'
128 silly reify ]
129 silly reify mark retired [
129 silly reify   '/data/data/com.termux/files/home/my-project-clean/node_modules/run-parallel'
129 silly reify ]
130 silly reify mark retired [
130 silly reify   '/data/data/com.termux/files/home/my-project-clean/node_modules/shebang-command'
130 silly reify ]
131 silly reify mark retired [
131 silly reify   '/data/data/com.termux/files/home/my-project-clean/node_modules/shebang-regex'
131 silly reify ]
132 silly reify mark retired [
132 silly reify   '/data/data/com.termux/files/home/my-project-clean/node_modules/signal-exit'
132 silly reify ]
133 silly reify mark retired [
133 silly reify   '/data/data/com.termux/files/home/my-project-clean/node_modules/source-map-js'
133 silly reify ]
134 silly reify mark retired [
134 silly reify   '/data/data/com.termux/files/home/my-project-clean/node_modules/string-width'
134 silly reify ]
135 silly reify mark retired [
135 silly reify   '/data/data/com.termux/files/home/my-project-clean/node_modules/string-width-cjs'
135 silly reify ]
136 silly reify mark retired [
136 silly reify   '/data/data/com.termux/files/home/my-project-clean/node_modules/strip-ansi'
136 silly reify ]
137 silly reify mark retired [
137 silly reify   '/data/data/com.termux/files/home/my-project-clean/node_modules/strip-ansi-cjs'
137 silly reify ]
138 silly reify mark retired [
138 silly reify   '/data/data/com.termux/files/home/my-project-clean/node_modules/strip-json-comments'
138 silly reify ]
139 silly reify mark retired [
139 silly reify   '/data/data/com.termux/files/home/my-project-clean/node_modules/sucrase'
139 silly reify ]
140 silly reify mark retired [
140 silly reify   '/data/data/com.termux/files/home/my-project-clean/node_modules/supports-preserve-symlinks-flag'
140 silly reify ]
141 silly reify mark retired [
141 silly reify   '/data/data/com.termux/files/home/my-project-clean/node_modules/tailwindcss'
141 silly reify ]
142 silly reify mark retired [
142 silly reify   '/data/data/com.termux/files/home/my-project-clean/node_modules/text-table'
142 silly reify ]
143 silly reify mark retired [
143 silly reify   '/data/data/com.termux/files/home/my-project-clean/node_modules/thenify'
143 silly reify ]
144 silly reify mark retired [
144 silly reify   '/data/data/com.termux/files/home/my-project-clean/node_modules/thenify-all'
144 silly reify ]
145 silly reify mark retired [
145 silly reify   '/data/data/com.termux/files/home/my-project-clean/node_modules/to-regex-range'
145 silly reify ]
146 silly reify mark retired [
146 silly reify   '/data/data/com.termux/files/home/my-project-clean/node_modules/ts-api-utils'
146 silly reify ]
147 silly reify mark retired [
147 silly reify   '/data/data/com.termux/files/home/my-project-clean/node_modules/ts-interface-checker'
147 silly reify ]
148 silly reify mark retired [
148 silly reify   '/data/data/com.termux/files/home/my-project-clean/node_modules/type-check'
148 silly reify ]
149 silly reify mark retired [
149 silly reify   '/data/data/com.termux/files/home/my-project-clean/node_modules/typescript'
149 silly reify ]
150 silly reify mark retired [
150 silly reify   '/data/data/com.termux/files/home/my-project-clean/node_modules/typescript-eslint'
150 silly reify ]
151 silly reify mark retired [
151 silly reify   '/data/data/com.termux/files/home/my-project-clean/node_modules/undici-types'
151 silly reify ]
152 silly reify mark retired [
152 silly reify   '/data/data/com.termux/files/home/my-project-clean/node_modules/uri-js'
152 silly reify ]
153 silly reify mark retired [
153 silly reify   '/data/data/com.termux/files/home/my-project-clean/node_modules/util-deprecate'
153 silly reify ]
154 silly reify mark retired [
154 silly reify   '/data/data/com.termux/files/home/my-project-clean/node_modules/vite'
154 silly reify ]
155 silly reify mark retired [
155 silly reify   '/data/data/com.termux/files/home/my-project-clean/node_modules/which'
155 silly reify ]
156 silly reify mark retired [
156 silly reify   '/data/data/com.termux/files/home/my-project-clean/node_modules/word-wrap'
156 silly reify ]
157 silly reify mark retired [
157 silly reify   '/data/data/com.termux/files/home/my-project-clean/node_modules/wrap-ansi'
157 silly reify ]
158 silly reify mark retired [
158 silly reify   '/data/data/com.termux/files/home/my-project-clean/node_modules/wrap-ansi-cjs'
158 silly reify ]
159 silly reify mark retired [
159 silly reify   '/data/data/com.termux/files/home/my-project-clean/node_modules/yaml'
159 silly reify ]
160 silly reify mark retired [
160 silly reify   '/data/data/com.termux/files/home/my-project-clean/node_modules/yocto-queue'
160 silly reify ]
161 silly reify mark retired [
161 silly reify   '/data/data/com.termux/files/home/my-project-clean/node_modules/@alloc/quick-lru'
161 silly reify ]
162 silly reify mark retired [
162 silly reify   '/data/data/com.termux/files/home/my-project-clean/node_modules/@esbuild/aix-ppc64'
162 silly reify ]
163 silly reify mark retired [
163 silly reify   '/data/data/com.termux/files/home/my-project-clean/node_modules/@esbuild/android-arm'
163 silly reify ]
164 silly reify mark retired [
164 silly reify   '/data/data/com.termux/files/home/my-project-clean/node_modules/@esbuild/android-arm64'
164 silly reify ]
165 silly reify mark retired [
165 silly reify   '/data/data/com.termux/files/home/my-project-clean/node_modules/@esbuild/android-x64'
165 silly reify ]
166 silly reify mark retired [
166 silly reify   '/data/data/com.termux/files/home/my-project-clean/node_modules/@esbuild/darwin-arm64'
166 silly reify ]
167 silly reify mark retired [
167 silly reify   '/data/data/com.termux/files/home/my-project-clean/node_modules/@esbuild/darwin-x64'
167 silly reify ]
168 silly reify mark retired [
168 silly reify   '/data/data/com.termux/files/home/my-project-clean/node_modules/@esbuild/freebsd-arm64'
168 silly reify ]
169 silly reify mark retired [
169 silly reify   '/data/data/com.termux/files/home/my-project-clean/node_modules/@esbuild/freebsd-x64'
169 silly reify ]
170 silly reify mark retired [
170 silly reify   '/data/data/com.termux/files/home/my-project-clean/node_modules/@esbuild/linux-arm'
170 silly reify ]
171 silly reify mark retired [
171 silly reify   '/data/data/com.termux/files/home/my-project-clean/node_modules/@esbuild/linux-arm64'
171 silly reify ]
172 silly reify mark retired [
172 silly reify   '/data/data/com.termux/files/home/my-project-clean/node_modules/@esbuild/linux-ia32'
172 silly reify ]
173 silly reify mark retired [
173 silly reify   '/data/data/com.termux/files/home/my-project-clean/node_modules/@esbuild/linux-loong64'
173 silly reify ]
174 silly reify mark retired [
174 silly reify   '/data/data/com.termux/files/home/my-project-clean/node_modules/@esbuild/linux-mips64el'
174 silly reify ]
175 silly reify mark retired [
175 silly reify   '/data/data/com.termux/files/home/my-project-clean/node_modules/@esbuild/linux-ppc64'
175 silly reify ]
176 silly reify mark retired [
176 silly reify   '/data/data/com.termux/files/home/my-project-clean/node_modules/@esbuild/linux-riscv64'
176 silly reify ]
177 silly reify mark retired [
177 silly reify   '/data/data/com.termux/files/home/my-project-clean/node_modules/@esbuild/linux-s390x'
177 silly reify ]
178 silly reify mark retired [
178 silly reify   '/data/data/com.termux/files/home/my-project-clean/node_modules/@esbuild/linux-x64'
178 silly reify ]
179 silly reify mark retired [
179 silly reify   '/data/data/com.termux/files/home/my-project-clean/node_modules/@esbuild/netbsd-x64'
179 silly reify ]
180 silly reify mark retired [
180 silly reify   '/data/data/com.termux/files/home/my-project-clean/node_modules/@esbuild/openbsd-x64'
180 silly reify ]
181 silly reify mark retired [
181 silly reify   '/data/data/com.termux/files/home/my-project-clean/node_modules/@esbuild/sunos-x64'
181 silly reify ]
182 silly reify mark retired [
182 silly reify   '/data/data/com.termux/files/home/my-project-clean/node_modules/@esbuild/win32-arm64'
182 silly reify ]
183 silly reify mark retired [
183 silly reify   '/data/data/com.termux/files/home/my-project-clean/node_modules/@esbuild/win32-ia32'
183 silly reify ]
184 silly reify mark retired [
184 silly reify   '/data/data/com.termux/files/home/my-project-clean/node_modules/@esbuild/win32-x64'
184 silly reify ]
185 silly reify mark retired [
185 silly reify   '/data/data/com.termux/files/home/my-project-clean/node_modules/@eslint/config-array'
185 silly reify ]
186 silly reify mark retired [
186 silly reify   '/data/data/com.termux/files/home/my-project-clean/node_modules/@eslint/core'
186 silly reify ]
187 silly reify mark retired [
187 silly reify   '/data/data/com.termux/files/home/my-project-clean/node_modules/@eslint/eslintrc'
187 silly reify ]
188 silly reify mark retired [
188 silly reify   '/data/data/com.termux/files/home/my-project-clean/node_modules/@eslint/js'
188 silly reify ]
189 silly reify mark retired [
189 silly reify   '/data/data/com.termux/files/home/my-project-clean/node_modules/@eslint/object-schema'
189 silly reify ]
190 silly reify mark retired [
190 silly reify   '/data/data/com.termux/files/home/my-project-clean/node_modules/@eslint/plugin-kit'
190 silly reify ]
191 silly reify mark retired [
191 silly reify   '/data/data/com.termux/files/home/my-project-clean/node_modules/@eslint-community/eslint-utils'
191 silly reify ]
192 silly reify mark retired [
192 silly reify   '/data/data/com.termux/files/home/my-project-clean/node_modules/@eslint-community/regexpp'
192 silly reify ]
193 silly reify mark retired [
193 silly reify   '/data/data/com.termux/files/home/my-project-clean/node_modules/@humanfs/core'
193 silly reify ]
194 silly reify mark retired [
194 silly reify   '/data/data/com.termux/files/home/my-project-clean/node_modules/@humanfs/node'
194 silly reify ]
195 silly reify mark retired [
195 silly reify   '/data/data/com.termux/files/home/my-project-clean/node_modules/@humanwhocodes/module-importer'
195 silly reify ]
196 silly reify mark retired [
196 silly reify   '/data/data/com.termux/files/home/my-project-clean/node_modules/@humanwhocodes/retry'
196 silly reify ]
197 silly reify mark retired [
197 silly reify   '/data/data/com.termux/files/home/my-project-clean/node_modules/@isaacs/cliui'
197 silly reify ]
198 silly reify mark retired [
198 silly reify   '/data/data/com.termux/files/home/my-project-clean/node_modules/@jridgewell/gen-mapping'
198 silly reify ]
199 silly reify mark retired [
199 silly reify   '/data/data/com.termux/files/home/my-project-clean/node_modules/@jridgewell/resolve-uri'
199 silly reify ]
200 silly reify mark retired [
200 silly reify   '/data/data/com.termux/files/home/my-project-clean/node_modules/@jridgewell/set-array'
200 silly reify ]
201 silly reify mark retired [
201 silly reify   '/data/data/com.termux/files/home/my-project-clean/node_modules/@jridgewell/sourcemap-codec'
201 silly reify ]
202 silly reify mark retired [
202 silly reify   '/data/data/com.termux/files/home/my-project-clean/node_modules/@jridgewell/trace-mapping'
202 silly reify ]
203 silly reify mark retired [
203 silly reify   '/data/data/com.termux/files/home/my-project-clean/node_modules/@nodelib/fs.scandir'
203 silly reify ]
204 silly reify mark retired [
204 silly reify   '/data/data/com.termux/files/home/my-project-clean/node_modules/@nodelib/fs.stat'
204 silly reify ]
205 silly reify mark retired [
205 silly reify   '/data/data/com.termux/files/home/my-project-clean/node_modules/@nodelib/fs.walk'
205 silly reify ]
206 silly reify mark retired [
206 silly reify   '/data/data/com.termux/files/home/my-project-clean/node_modules/@pkgjs/parseargs'
206 silly reify ]
207 silly reify mark retired [
207 silly reify   '/data/data/com.termux/files/home/my-project-clean/node_modules/@rollup/rollup-android-arm-eabi'
207 silly reify ]
208 silly reify mark retired [
208 silly reify   '/data/data/com.termux/files/home/my-project-clean/node_modules/@rollup/rollup-android-arm64'
208 silly reify ]
209 silly reify mark retired [
209 silly reify   '/data/data/com.termux/files/home/my-project-clean/node_modules/@rollup/rollup-darwin-arm64'
209 silly reify ]
210 silly reify mark retired [
210 silly reify   '/data/data/com.termux/files/home/my-project-clean/node_modules/@rollup/rollup-darwin-x64'
210 silly reify ]
211 silly reify mark retired [
211 silly reify   '/data/data/com.termux/files/home/my-project-clean/node_modules/@rollup/rollup-linux-arm-gnueabihf'
211 silly reify ]
212 silly reify mark retired [
212 silly reify   '/data/data/com.termux/files/home/my-project-clean/node_modules/@rollup/rollup-linux-arm-musleabihf'
212 silly reify ]
213 silly reify mark retired [
213 silly reify   '/data/data/com.termux/files/home/my-project-clean/node_modules/@rollup/rollup-linux-arm64-gnu'
213 silly reify ]
214 silly reify mark retired [
214 silly reify   '/data/data/com.termux/files/home/my-project-clean/node_modules/@rollup/rollup-linux-arm64-musl'
214 silly reify ]
215 silly reify mark retired [
215 silly reify   '/data/data/com.termux/files/home/my-project-clean/node_modules/@rollup/rollup-linux-powerpc64le-gnu'
215 silly reify ]
216 silly reify mark retired [
216 silly reify   '/data/data/com.termux/files/home/my-project-clean/node_modules/@rollup/rollup-linux-riscv64-gnu'
216 silly reify ]
217 silly reify mark retired [
217 silly reify   '/data/data/com.termux/files/home/my-project-clean/node_modules/@rollup/rollup-linux-s390x-gnu'
217 silly reify ]
218 silly reify mark retired [
218 silly reify   '/data/data/com.termux/files/home/my-project-clean/node_modules/@rollup/rollup-linux-x64-gnu'
218 silly reify ]
219 silly reify mark retired [
219 silly reify   '/data/data/com.termux/files/home/my-project-clean/node_modules/@rollup/rollup-linux-x64-musl'
219 silly reify ]
220 silly reify mark retired [
220 silly reify   '/data/data/com.termux/files/home/my-project-clean/node_modules/@rollup/rollup-win32-arm64-msvc'
220 silly reify ]
221 silly reify mark retired [
221 silly reify   '/data/data/com.termux/files/home/my-project-clean/node_modules/@rollup/rollup-win32-ia32-msvc'
221 silly reify ]
222 silly reify mark retired [
222 silly reify   '/data/data/com.termux/files/home/my-project-clean/node_modules/@rollup/rollup-win32-x64-msvc'
222 silly reify ]
223 silly reify mark retired [
223 silly reify   '/data/data/com.termux/files/home/my-project-clean/node_modules/@types/estree'
223 silly reify ]
224 silly reify mark retired [
224 silly reify   '/data/data/com.termux/files/home/my-project-clean/node_modules/@types/json-schema'
224 silly reify ]
225 silly reify mark retired [
225 silly reify   '/data/data/com.termux/files/home/my-project-clean/node_modules/@types/node'
225 silly reify ]
226 silly reify mark retired [
226 silly reify   '/data/data/com.termux/files/home/my-project-clean/node_modules/@typescript-eslint/eslint-plugin'
226 silly reify ]
227 silly reify mark retired [
227 silly reify   '/data/data/com.termux/files/home/my-project-clean/node_modules/@typescript-eslint/parser'
227 silly reify ]
228 silly reify mark retired [
228 silly reify   '/data/data/com.termux/files/home/my-project-clean/node_modules/@typescript-eslint/scope-manager'
228 silly reify ]
229 silly reify mark retired [
229 silly reify   '/data/data/com.termux/files/home/my-project-clean/node_modules/@typescript-eslint/type-utils'
229 silly reify ]
230 silly reify mark retired [
230 silly reify   '/data/data/com.termux/files/home/my-project-clean/node_modules/@typescript-eslint/types'
230 silly reify ]
231 silly reify mark retired [
231 silly reify   '/data/data/com.termux/files/home/my-project-clean/node_modules/@typescript-eslint/typescript-estree'
231 silly reify ]
232 silly reify mark retired [
232 silly reify   '/data/data/com.termux/files/home/my-project-clean/node_modules/@typescript-eslint/utils'
232 silly reify ]
233 silly reify mark retired [
233 silly reify   '/data/data/com.termux/files/home/my-project-clean/node_modules/@typescript-eslint/visitor-keys'
233 silly reify ]
234 silly reify moves {
234 silly reify   '/data/data/com.termux/files/home/my-project-clean/node_modules/acorn-jsx': '/data/data/com.termux/files/home/my-project-clean/node_modules/.acorn-jsx-7gRFlOYB',
234 silly reify   '/data/data/com.termux/files/home/my-project-clean/node_modules/acorn': '/data/data/com.termux/files/home/my-project-clean/node_modules/.acorn-dqxF17ge',
234 silly reify   '/data/data/com.termux/files/home/my-project-clean/node_modules/ajv': '/data/data/com.termux/files/home/my-project-clean/node_modules/.ajv-C29lVWcj',
234 silly reify   '/data/data/com.termux/files/home/my-project-clean/node_modules/ansi-regex': '/data/data/com.termux/files/home/my-project-clean/node_modules/.ansi-regex-5ITRR4tQ',
234 silly reify   '/data/data/com.termux/files/home/my-project-clean/node_modules/any-promise': '/data/data/com.termux/files/home/my-project-clean/node_modules/.any-promise-ZIiHIpGp',
234 silly reify   '/data/data/com.termux/files/home/my-project-clean/node_modules/anymatch': '/data/data/com.termux/files/home/my-project-clean/node_modules/.anymatch-4dPONF5i',
234 silly reify   '/data/data/com.termux/files/home/my-project-clean/node_modules/arg': '/data/data/com.termux/files/home/my-project-clean/node_modules/.arg-9gV9fdqi',
234 silly reify   '/data/data/com.termux/files/home/my-project-clean/node_modules/argparse': '/data/data/com.termux/files/home/my-project-clean/node_modules/.argparse-ljCQCcCP',
234 silly reify   '/data/data/com.termux/files/home/my-project-clean/node_modules/balanced-match': '/data/data/com.termux/files/home/my-project-clean/node_modules/.balanced-match-ZxZuctcJ',
234 silly reify   '/data/data/com.termux/files/home/my-project-clean/node_modules/binary-extensions': '/data/data/com.termux/files/home/my-project-clean/node_modules/.binary-extensions-z0miI0HD',
234 silly reify   '/data/data/com.termux/files/home/my-project-clean/node_modules/brace-expansion': '/data/data/com.termux/files/home/my-project-clean/node_modules/.brace-expansion-5MPsmHMk',
234 silly reify   '/data/data/com.termux/files/home/my-project-clean/node_modules/braces': '/data/data/com.termux/files/home/my-project-clean/node_modules/.braces-CA4o1nRN',
234 silly reify   '/data/data/com.termux/files/home/my-project-clean/node_modules/callsites': '/data/data/com.termux/files/home/my-project-clean/node_modules/.callsites-5jp4VYcu',
234 silly reify   '/data/data/com.termux/files/home/my-project-clean/node_modules/camelcase-css': '/data/data/com.termux/files/home/my-project-clean/node_modules/.camelcase-css-vJju97vc',
234 silly reify   '/data/data/com.termux/files/home/my-project-clean/node_modules/chokidar': '/data/data/com.termux/files/home/my-project-clean/node_modules/.chokidar-inO1H1ie',
234 silly reify   '/data/data/com.termux/files/home/my-project-clean/node_modules/commander': '/data/data/com.termux/files/home/my-project-clean/node_modules/.commander-pyNMEIMD',
234 silly reify   '/data/data/com.termux/files/home/my-project-clean/node_modules/concat-map': '/data/data/com.termux/files/home/my-project-clean/node_modules/.concat-map-R9O4eat8',
234 silly reify   '/data/data/com.termux/files/home/my-project-clean/node_modules/cross-spawn': '/data/data/com.termux/files/home/my-project-clean/node_modules/.cross-spawn-nyR9gwpi',
234 silly reify   '/data/data/com.termux/files/home/my-project-clean/node_modules/cssesc': '/data/data/com.termux/files/home/my-project-clean/node_modules/.cssesc-vVyyTY2n',
234 silly reify   '/data/data/com.termux/files/home/my-project-clean/node_modules/debug': '/data/data/com.termux/files/home/my-project-clean/node_modules/.debug-fiAuBhmy',
234 silly reify   '/data/data/com.termux/files/home/my-project-clean/node_modules/deep-is': '/data/data/com.termux/files/home/my-project-clean/node_modules/.deep-is-ZARyLeWk',
234 silly reify   '/data/data/com.termux/files/home/my-project-clean/node_modules/didyoumean': '/data/data/com.termux/files/home/my-project-clean/node_modules/.didyoumean-Nj7VaHg1',
234 silly reify   '/data/data/com.termux/files/home/my-project-clean/node_modules/dlv': '/data/data/com.termux/files/home/my-project-clean/node_modules/.dlv-iaMIhfVp',
234 silly reify   '/data/data/com.termux/files/home/my-project-clean/node_modules/eastasianwidth': '/data/data/com.termux/files/home/my-project-clean/node_modules/.eastasianwidth-c6CII6uk',
234 silly reify   '/data/data/com.termux/files/home/my-project-clean/node_modules/emoji-regex': '/data/data/com.termux/files/home/my-project-clean/node_modules/.emoji-regex-0aKhpDH3',
234 silly reify   '/data/data/com.termux/files/home/my-project-clean/node_modules/esbuild': '/data/data/com.termux/files/home/my-project-clean/node_modules/.esbuild-SNyq05mf',
234 silly reify   '/data/data/com.termux/files/home/my-project-clean/node_modules/eslint': '/data/data/com.termux/files/home/my-project-clean/node_modules/.eslint-zHTGlma8',
234 silly reify   '/data/data/com.termux/files/home/my-project-clean/node_modules/eslint-scope': '/data/data/com.termux/files/home/my-project-clean/node_modules/.eslint-scope-Q8gYjvAB',
234 silly reify   '/data/data/com.termux/files/home/my-project-clean/node_modules/eslint-visitor-keys': '/data/data/com.termux/files/home/my-project-clean/node_modules/.eslint-visitor-keys-MTMMiGLf',
234 silly reify   '/data/data/com.termux/files/home/my-project-clean/node_modules/espree': '/data/data/com.termux/files/home/my-project-clean/node_modules/.espree-0T1beHig',
234 silly reify   '/data/data/com.termux/files/home/my-project-clean/node_modules/esquery': '/data/data/com.termux/files/home/my-project-clean/node_modules/.esquery-SYbciyhE',
234 silly reify   '/data/data/com.termux/files/home/my-project-clean/node_modules/esrecurse': '/data/data/com.termux/files/home/my-project-clean/node_modules/.esrecurse-vgUcwRc6',
234 silly reify   '/data/data/com.termux/files/home/my-project-clean/node_modules/estraverse': '/data/data/com.termux/files/home/my-project-clean/node_modules/.estraverse-0pXMkw5b',
234 silly reify   '/data/data/com.termux/files/home/my-project-clean/node_modules/esutils': '/data/data/com.termux/files/home/my-project-clean/node_modules/.esutils-V9TLF3z3',
234 silly reify   '/data/data/com.termux/files/home/my-project-clean/node_modules/fast-deep-equal': '/data/data/com.termux/files/home/my-project-clean/node_modules/.fast-deep-equal-pqIHS09v',
234 silly reify   '/data/data/com.termux/files/home/my-project-clean/node_modules/fast-glob': '/data/data/com.termux/files/home/my-project-clean/node_modules/.fast-glob-LUHzoWIN',
234 silly reify   '/data/data/com.termux/files/home/my-project-clean/node_modules/fast-json-stable-stringify': '/data/data/com.termux/files/home/my-project-clean/node_modules/.fast-json-stable-stringify-weHk2wuF',
234 silly reify   '/data/data/com.termux/files/home/my-project-clean/node_modules/fast-levenshtein': '/data/data/com.termux/files/home/my-project-clean/node_modules/.fast-levenshtein-Z94ciqBQ',
234 silly reify   '/data/data/com.termux/files/home/my-project-clean/node_modules/fastq': '/data/data/com.termux/files/home/my-project-clean/node_modules/.fastq-plBQBN5h',
234 silly reify   '/data/data/com.termux/files/home/my-project-clean/node_modules/file-entry-cache': '/data/data/com.termux/files/home/my-project-clean/node_modules/.file-entry-cache-c9pO5g1T',
234 silly reify   '/data/data/com.termux/files/home/my-project-clean/node_modules/fill-range': '/data/data/com.termux/files/home/my-project-clean/node_modules/.fill-range-gKScTqbE',
234 silly reify   '/data/data/com.termux/files/home/my-project-clean/node_modules/find-up': '/data/data/com.termux/files/home/my-project-clean/node_modules/.find-up-j9SV1mRn',
234 silly reify   '/data/data/com.termux/files/home/my-project-clean/node_modules/flat-cache': '/data/data/com.termux/files/home/my-project-clean/node_modules/.flat-cache-KSJGVqn8',
234 silly reify   '/data/data/com.termux/files/home/my-project-clean/node_modules/flatted': '/data/data/com.termux/files/home/my-project-clean/node_modules/.flatted-JVAcg3lL',
234 silly reify   '/data/data/com.termux/files/home/my-project-clean/node_modules/foreground-child': '/data/data/com.termux/files/home/my-project-clean/node_modules/.foreground-child-GptywJqc',
234 silly reify   '/data/data/com.termux/files/home/my-project-clean/node_modules/fsevents': '/data/data/com.termux/files/home/my-project-clean/node_modules/.fsevents-Y2eDUZz7',
234 silly reify   '/data/data/com.termux/files/home/my-project-clean/node_modules/function-bind': '/data/data/com.termux/files/home/my-project-clean/node_modules/.function-bind-P97ns6qV',
234 silly reify   '/data/data/com.termux/files/home/my-project-clean/node_modules/glob': '/data/data/com.termux/files/home/my-project-clean/node_modules/.glob-cdUvQdtx',
234 silly reify   '/data/data/com.termux/files/home/my-project-clean/node_modules/glob-parent': '/data/data/com.termux/files/home/my-project-clean/node_modules/.glob-parent-QSGJTKmx',
234 silly reify   '/data/data/com.termux/files/home/my-project-clean/node_modules/globals': '/data/data/com.termux/files/home/my-project-clean/node_modules/.globals-yeH2uv9z',
234 silly reify   '/data/data/com.termux/files/home/my-project-clean/node_modules/graphemer': '/data/data/com.termux/files/home/my-project-clean/node_modules/.graphemer-BD5XL1cp',
234 silly reify   '/data/data/com.termux/files/home/my-project-clean/node_modules/hasown': '/data/data/com.termux/files/home/my-project-clean/node_modules/.hasown-d2hS20Wp',
234 silly reify   '/data/data/com.termux/files/home/my-project-clean/node_modules/ignore': '/data/data/com.termux/files/home/my-project-clean/node_modules/.ignore-VPKQEQ59',
234 silly reify   '/data/data/com.termux/files/home/my-project-clean/node_modules/import-fresh': '/data/data/com.termux/files/home/my-project-clean/node_modules/.import-fresh-tY3Jr2bx',
234 silly reify   '/data/data/com.termux/files/home/my-project-clean/node_modules/imurmurhash': '/data/data/com.termux/files/home/my-project-clean/node_modules/.imurmurhash-AEr5rFQ7',
234 silly reify   '/data/data/com.termux/files/home/my-project-clean/node_modules/is-binary-path': '/data/data/com.termux/files/home/my-project-clean/node_modules/.is-binary-path-bRP1906O',
234 silly reify   '/data/data/com.termux/files/home/my-project-clean/node_modules/is-core-module': '/data/data/com.termux/files/home/my-project-clean/node_modules/.is-core-module-UW88Z9dc',
234 silly reify   '/data/data/com.termux/files/home/my-project-clean/node_modules/is-extglob': '/data/data/com.termux/files/home/my-project-clean/node_modules/.is-extglob-4lDF51IZ',
234 silly reify   '/data/data/com.termux/files/home/my-project-clean/node_modules/is-fullwidth-code-point': '/data/data/com.termux/files/home/my-project-clean/node_modules/.is-fullwidth-code-point-Qoy2wkZu',
234 silly reify   '/data/data/com.termux/files/home/my-project-clean/node_modules/is-glob': '/data/data/com.termux/files/home/my-project-clean/node_modules/.is-glob-ksNmgFFI',
234 silly reify   '/data/data/com.termux/files/home/my-project-clean/node_modules/is-number': '/data/data/com.termux/files/home/my-project-clean/node_modules/.is-number-BtsPZnqc',
234 silly reify   '/data/data/com.termux/files/home/my-project-clean/node_modules/isexe': '/data/data/com.termux/files/home/my-project-clean/node_modules/.isexe-8KfEtD9o',
234 silly reify   '/data/data/com.termux/files/home/my-project-clean/node_modules/jackspeak': '/data/data/com.termux/files/home/my-project-clean/node_modules/.jackspeak-SVj5cn96',
234 silly reify   '/data/data/com.termux/files/home/my-project-clean/node_modules/jiti': '/data/data/com.termux/files/home/my-project-clean/node_modules/.jiti-1gY2BLNw',
234 silly reify   '/data/data/com.termux/files/home/my-project-clean/node_modules/js-yaml': '/data/data/com.termux/files/home/my-project-clean/node_modules/.js-yaml-4O1yGjgl',
234 silly reify   '/data/data/com.termux/files/home/my-project-clean/node_modules/json-buffer': '/data/data/com.termux/files/home/my-project-clean/node_modules/.json-buffer-U8xy6Zow',
234 silly reify   '/data/data/com.termux/files/home/my-project-clean/node_modules/json-schema-traverse': '/data/data/com.termux/files/home/my-project-clean/node_modules/.json-schema-traverse-vAzD0Ky0',
234 silly reify   '/data/data/com.termux/files/home/my-project-clean/node_modules/json-stable-stringify-without-jsonify': '/data/data/com.termux/files/home/my-project-clean/node_modules/.json-stable-stringify-without-jsonify-RjaLEXt5',
234 silly reify   '/data/data/com.termux/files/home/my-project-clean/node_modules/keyv': '/data/data/com.termux/files/home/my-project-clean/node_modules/.keyv-3HXfMFvE',
234 silly reify   '/data/data/com.termux/files/home/my-project-clean/node_modules/levn': '/data/data/com.termux/files/home/my-project-clean/node_modules/.levn-hAnx9qmP',
234 silly reify   '/data/data/com.termux/files/home/my-project-clean/node_modules/lilconfig': '/data/data/com.termux/files/home/my-project-clean/node_modules/.lilconfig-vKoztcIr',
234 silly reify   '/data/data/com.termux/files/home/my-project-clean/node_modules/lines-and-columns': '/data/data/com.termux/files/home/my-project-clean/node_modules/.lines-and-columns-ihivz5qy',
234 silly reify   '/data/data/com.termux/files/home/my-project-clean/node_modules/locate-path': '/data/data/com.termux/files/home/my-project-clean/node_modules/.locate-path-JDinZtdJ',
234 silly reify   '/data/data/com.termux/files/home/my-project-clean/node_modules/lodash.merge': '/data/data/com.termux/files/home/my-project-clean/node_modules/.lodash.merge-ZRB4pjYu',
234 silly reify   '/data/data/com.termux/files/home/my-project-clean/node_modules/merge2': '/data/data/com.termux/files/home/my-project-clean/node_modules/.merge2-SyAr30wa',
234 silly reify   '/data/data/com.termux/files/home/my-project-clean/node_modules/micromatch': '/data/data/com.termux/files/home/my-project-clean/node_modules/.micromatch-naNA9IGS',
234 silly reify   '/data/data/com.termux/files/home/my-project-clean/node_modules/minimatch': '/data/data/com.termux/files/home/my-project-clean/node_modules/.minimatch-aiXUxfS2',
234 silly reify   '/data/data/com.termux/files/home/my-project-clean/node_modules/minipass': '/data/data/com.termux/files/home/my-project-clean/node_modules/.minipass-cthRcipH',
234 silly reify   '/data/data/com.termux/files/home/my-project-clean/node_modules/ms': '/data/data/com.termux/files/home/my-project-clean/node_modules/.ms-xvfKbaDa',
234 silly reify   '/data/data/com.termux/files/home/my-project-clean/node_modules/mz': '/data/data/com.termux/files/home/my-project-clean/node_modules/.mz-oMhmgIiB',
234 silly reify   '/data/data/com.termux/files/home/my-project-clean/node_modules/nanoid': '/data/data/com.termux/files/home/my-project-clean/node_modules/.nanoid-OpfNF9Lt',
234 silly reify   '/data/data/com.termux/files/home/my-project-clean/node_modules/natural-compare': '/data/data/com.termux/files/home/my-project-clean/node_modules/.natural-compare-uvFJ0yhF',
234 silly reify   '/data/data/com.termux/files/home/my-project-clean/node_modules/normalize-path': '/data/data/com.termux/files/home/my-project-clean/node_modules/.normalize-path-LTfWoeqt',
234 silly reify   '/data/data/com.termux/files/home/my-project-clean/node_modules/object-assign': '/data/data/com.termux/files/home/my-project-clean/node_modules/.object-assign-wu7UTGKJ',
234 silly reify   '/data/data/com.termux/files/home/my-project-clean/node_modules/object-hash': '/data/data/com.termux/files/home/my-project-clean/node_modules/.object-hash-UpQimhh2',
234 silly reify   '/data/data/com.termux/files/home/my-project-clean/node_modules/optionator': '/data/data/com.termux/files/home/my-project-clean/node_modules/.optionator-aBzhdoeR',
234 silly reify   '/data/data/com.termux/files/home/my-project-clean/node_modules/p-limit': '/data/data/com.termux/files/home/my-project-clean/node_modules/.p-limit-l8lfoGSu',
234 silly reify   '/data/data/com.termux/files/home/my-project-clean/node_modules/p-locate': '/data/data/com.termux/files/home/my-project-clean/node_modules/.p-locate-YnoqaKok',
234 silly reify   '/data/data/com.termux/files/home/my-project-clean/node_modules/package-json-from-dist': '/data/data/com.termux/files/home/my-project-clean/node_modules/.package-json-from-dist-tZwmTwzZ',
234 silly reify   '/data/data/com.termux/files/home/my-project-clean/node_modules/parent-module': '/data/data/com.termux/files/home/my-project-clean/node_modules/.parent-module-l56dKJ3h',
234 silly reify   '/data/data/com.termux/files/home/my-project-clean/node_modules/path-exists': '/data/data/com.termux/files/home/my-project-clean/node_modules/.path-exists-cxOv5WY7',
234 silly reify   '/data/data/com.termux/files/home/my-project-clean/node_modules/path-key': '/data/data/com.termux/files/home/my-project-clean/node_modules/.path-key-zXrdzLyG',
234 silly reify   '/data/data/com.termux/files/home/my-project-clean/node_modules/path-parse': '/data/data/com.termux/files/home/my-project-clean/node_modules/.path-parse-zipjd66o',
234 silly reify   '/data/data/com.termux/files/home/my-project-clean/node_modules/path-scurry': '/data/data/com.termux/files/home/my-project-clean/node_modules/.path-scurry-pNfGSHzT',
234 silly reify   '/data/data/com.termux/files/home/my-project-clean/node_modules/picocolors': '/data/data/com.termux/files/home/my-project-clean/node_modules/.picocolors-1aRYFkUL',
234 silly reify   '/data/data/com.termux/files/home/my-project-clean/node_modules/picomatch': '/data/data/com.termux/files/home/my-project-clean/node_modules/.picomatch-qK9K8roh',
234 silly reify   '/data/data/com.termux/files/home/my-project-clean/node_modules/pify': '/data/data/com.termux/files/home/my-project-clean/node_modules/.pify-BwQFEMaQ',
234 silly reify   '/data/data/com.termux/files/home/my-project-clean/node_modules/pirates': '/data/data/com.termux/files/home/my-project-clean/node_modules/.pirates-Y5wCIvG6',
234 silly reify   '/data/data/com.termux/files/home/my-project-clean/node_modules/postcss': '/data/data/com.termux/files/home/my-project-clean/node_modules/.postcss-z4N5OqdD',
234 silly reify   '/data/data/com.termux/files/home/my-project-clean/node_modules/postcss-import': '/data/data/com.termux/files/home/my-project-clean/node_modules/.postcss-import-w2NNZjvz',
234 silly reify   '/data/data/com.termux/files/home/my-project-clean/node_modules/postcss-js': '/data/data/com.termux/files/home/my-project-clean/node_modules/.postcss-js-AnQ3BeTk',
234 silly reify   '/data/data/com.termux/files/home/my-project-clean/node_modules/postcss-load-config': '/data/data/com.termux/files/home/my-project-clean/node_modules/.postcss-load-config-Vo1nEVtT',
234 silly reify   '/data/data/com.termux/files/home/my-project-clean/node_modules/postcss-nested': '/data/data/com.termux/files/home/my-project-clean/node_modules/.postcss-nested-CUekxIOJ',
234 silly reify   '/data/data/com.termux/files/home/my-project-clean/node_modules/postcss-selector-parser': '/data/data/com.termux/files/home/my-project-clean/node_modules/.postcss-selector-parser-GNCRElyU',
234 silly reify   '/data/data/com.termux/files/home/my-project-clean/node_modules/postcss-value-parser': '/data/data/com.termux/files/home/my-project-clean/node_modules/.postcss-value-parser-7H6iJyMk',
234 silly reify   '/data/data/com.termux/files/home/my-project-clean/node_modules/prelude-ls': '/data/data/com.termux/files/home/my-project-clean/node_modules/.prelude-ls-oOzM02KT',
234 silly reify   '/data/data/com.termux/files/home/my-project-clean/node_modules/punycode': '/data/data/com.termux/files/home/my-project-clean/node_modules/.punycode-3mOab1wK',
234 silly reify   '/data/data/com.termux/files/home/my-project-clean/node_modules/queue-microtask': '/data/data/com.termux/files/home/my-project-clean/node_modules/.queue-microtask-TseSM0ot',
234 silly reify   '/data/data/com.termux/files/home/my-project-clean/node_modules/read-cache': '/data/data/com.termux/files/home/my-project-clean/node_modules/.read-cache-pqJt24K8',
234 silly reify   '/data/data/com.termux/files/home/my-project-clean/node_modules/readdirp': '/data/data/com.termux/files/home/my-project-clean/node_modules/.readdirp-xIYHLHNc',
234 silly reify   '/data/data/com.termux/files/home/my-project-clean/node_modules/resolve': '/data/data/com.termux/files/home/my-project-clean/node_modules/.resolve-6PE5hreJ',
234 silly reify   '/data/data/com.termux/files/home/my-project-clean/node_modules/resolve-from': '/data/data/com.termux/files/home/my-project-clean/node_modules/.resolve-from-nejggKDF',
234 silly reify   '/data/data/com.termux/files/home/my-project-clean/node_modules/reusify': '/data/data/com.termux/files/home/my-project-clean/node_modules/.reusify-EZva9rKt',
234 silly reify   '/data/data/com.termux/files/home/my-project-clean/node_modules/rollup': '/data/data/com.termux/files/home/my-project-clean/node_modules/.rollup-4uErCgqw',
234 silly reify   '/data/data/com.termux/files/home/my-project-clean/node_modules/run-parallel': '/data/data/com.termux/files/home/my-project-clean/node_modules/.run-parallel-Z1XMTmDc',
234 silly reify   '/data/data/com.termux/files/home/my-project-clean/node_modules/shebang-command': '/data/data/com.termux/files/home/my-project-clean/node_modules/.shebang-command-PhWvEa5w',
234 silly reify   '/data/data/com.termux/files/home/my-project-clean/node_modules/shebang-regex': '/data/data/com.termux/files/home/my-project-clean/node_modules/.shebang-regex-Vk5C1Be5',
234 silly reify   '/data/data/com.termux/files/home/my-project-clean/node_modules/signal-exit': '/data/data/com.termux/files/home/my-project-clean/node_modules/.signal-exit-NC6A0eZ0',
234 silly reify   '/data/data/com.termux/files/home/my-project-clean/node_modules/source-map-js': '/data/data/com.termux/files/home/my-project-clean/node_modules/.source-map-js-tcsbtqZ4',
234 silly reify   '/data/data/com.termux/files/home/my-project-clean/node_modules/string-width': '/data/data/com.termux/files/home/my-project-clean/node_modules/.string-width-nuBpTeNT',
234 silly reify   '/data/data/com.termux/files/home/my-project-clean/node_modules/string-width-cjs': '/data/data/com.termux/files/home/my-project-clean/node_modules/.string-width-cjs-f3M8JZqU',
234 silly reify   '/data/data/com.termux/files/home/my-project-clean/node_modules/strip-ansi': '/data/data/com.termux/files/home/my-project-clean/node_modules/.strip-ansi-Bkn5RT1b',
234 silly reify   '/data/data/com.termux/files/home/my-project-clean/node_modules/strip-ansi-cjs': '/data/data/com.termux/files/home/my-project-clean/node_modules/.strip-ansi-cjs-dZzHYpUo',
234 silly reify   '/data/data/com.termux/files/home/my-project-clean/node_modules/strip-json-comments': '/data/data/com.termux/files/home/my-project-clean/node_modules/.strip-json-comments-AOWV02Pi',
234 silly reify   '/data/data/com.termux/files/home/my-project-clean/node_modules/sucrase': '/data/data/com.termux/files/home/my-project-clean/node_modules/.sucrase-tyyBEflt',
234 silly reify   '/data/data/com.termux/files/home/my-project-clean/node_modules/supports-preserve-symlinks-flag': '/data/data/com.termux/files/home/my-project-clean/node_modules/.supports-preserve-symlinks-flag-VprnZTMk',
234 silly reify   '/data/data/com.termux/files/home/my-project-clean/node_modules/tailwindcss': '/data/data/com.termux/files/home/my-project-clean/node_modules/.tailwindcss-d39StHij',
234 silly reify   '/data/data/com.termux/files/home/my-project-clean/node_modules/text-table': '/data/data/com.termux/files/home/my-project-clean/node_modules/.text-table-L6Oz53Ou',
234 silly reify   '/data/data/com.termux/files/home/my-project-clean/node_modules/thenify': '/data/data/com.termux/files/home/my-project-clean/node_modules/.thenify-zGENRfzn',
234 silly reify   '/data/data/com.termux/files/home/my-project-clean/node_modules/thenify-all': '/data/data/com.termux/files/home/my-project-clean/node_modules/.thenify-all-tIPvQW3h',
234 silly reify   '/data/data/com.termux/files/home/my-project-clean/node_modules/to-regex-range': '/data/data/com.termux/files/home/my-project-clean/node_modules/.to-regex-range-9Zkm4xiD',
234 silly reify   '/data/data/com.termux/files/home/my-project-clean/node_modules/ts-api-utils': '/data/data/com.termux/files/home/my-project-clean/node_modules/.ts-api-utils-60M1MMyU',
234 silly reify   '/data/data/com.termux/files/home/my-project-clean/node_modules/ts-interface-checker': '/data/data/com.termux/files/home/my-project-clean/node_modules/.ts-interface-checker-b6Wmq4sj',
234 silly reify   '/data/data/com.termux/files/home/my-project-clean/node_modules/type-check': '/data/data/com.termux/files/home/my-project-clean/node_modules/.type-check-7rASzQZW',
234 silly reify   '/data/data/com.termux/files/home/my-project-clean/node_modules/typescript': '/data/data/com.termux/files/home/my-project-clean/node_modules/.typescript-dqmHKv1Q',
234 silly reify   '/data/data/com.termux/files/home/my-project-clean/node_modules/typescript-eslint': '/data/data/com.termux/files/home/my-project-clean/node_modules/.typescript-eslint-yHlsH7hX',
234 silly reify   '/data/data/com.termux/files/home/my-project-clean/node_modules/undici-types': '/data/data/com.termux/files/home/my-project-clean/node_modules/.undici-types-g3RiIHZG',
234 silly reify   '/data/data/com.termux/files/home/my-project-clean/node_modules/uri-js': '/data/data/com.termux/files/home/my-project-clean/node_modules/.uri-js-eIljlYuZ',
234 silly reify   '/data/data/com.termux/files/home/my-project-clean/node_modules/util-deprecate': '/data/data/com.termux/files/home/my-project-clean/node_modules/.util-deprecate-SeXBfBW4',
234 silly reify   '/data/data/com.termux/files/home/my-project-clean/node_modules/vite': '/data/data/com.termux/files/home/my-project-clean/node_modules/.vite-PWxYbNSQ',
234 silly reify   '/data/data/com.termux/files/home/my-project-clean/node_modules/which': '/data/data/com.termux/files/home/my-project-clean/node_modules/.which-pdx3HOnI',
234 silly reify   '/data/data/com.termux/files/home/my-project-clean/node_modules/word-wrap': '/data/data/com.termux/files/home/my-project-clean/node_modules/.word-wrap-YBQb0uwY',
234 silly reify   '/data/data/com.termux/files/home/my-project-clean/node_modules/wrap-ansi': '/data/data/com.termux/files/home/my-project-clean/node_modules/.wrap-ansi-oDiMzj6s',
234 silly reify   '/data/data/com.termux/files/home/my-project-clean/node_modules/wrap-ansi-cjs': '/data/data/com.termux/files/home/my-project-clean/node_modules/.wrap-ansi-cjs-awBztqLc',
234 silly reify   '/data/data/com.termux/files/home/my-project-clean/node_modules/yaml': '/data/data/com.termux/files/home/my-project-clean/node_modules/.yaml-ZUgBzqRO',
234 silly reify   '/data/data/com.termux/files/home/my-project-clean/node_modules/yocto-queue': '/data/data/com.termux/files/home/my-project-clean/node_modules/.yocto-queue-8uINKm8p',
234 silly reify   '/data/data/com.termux/files/home/my-project-clean/node_modules/@alloc/quick-lru': '/data/data/com.termux/files/home/my-project-clean/node_modules/@alloc/.quick-lru-zYgQQ7hR',
234 silly reify   '/data/data/com.termux/files/home/my-project-clean/node_modules/@esbuild/aix-ppc64': '/data/data/com.termux/files/home/my-project-clean/node_modules/@esbuild/.aix-ppc64-WjTEaUlG',
234 silly reify   '/data/data/com.termux/files/home/my-project-clean/node_modules/@esbuild/android-arm': '/data/data/com.termux/files/home/my-project-clean/node_modules/@esbuild/.android-arm-lOH6KpEc',
234 silly reify   '/data/data/com.termux/files/home/my-project-clean/node_modules/@esbuild/android-arm64': '/data/data/com.termux/files/home/my-project-clean/node_modules/@esbuild/.android-arm64-RO2hdRnc',
234 silly reify   '/data/data/com.termux/files/home/my-project-clean/node_modules/@esbuild/android-x64': '/data/data/com.termux/files/home/my-project-clean/node_modules/@esbuild/.android-x64-9rqOD1sd',
234 silly reify   '/data/data/com.termux/files/home/my-project-clean/node_modules/@esbuild/darwin-arm64': '/data/data/com.termux/files/home/my-project-clean/node_modules/@esbuild/.darwin-arm64-phUuip5k',
234 silly reify   '/data/data/com.termux/files/home/my-project-clean/node_modules/@esbuild/darwin-x64': '/data/data/com.termux/files/home/my-project-clean/node_modules/@esbuild/.darwin-x64-C3HAPZ4Z',
234 silly reify   '/data/data/com.termux/files/home/my-project-clean/node_modules/@esbuild/freebsd-arm64': '/data/data/com.termux/files/home/my-project-clean/node_modules/@esbuild/.freebsd-arm64-yc08ASLm',
234 silly reify   '/data/data/com.termux/files/home/my-project-clean/node_modules/@esbuild/freebsd-x64': '/data/data/com.termux/files/home/my-project-clean/node_modules/@esbuild/.freebsd-x64-Tsdf9qOT',
234 silly reify   '/data/data/com.termux/files/home/my-project-clean/node_modules/@esbuild/linux-arm': '/data/data/com.termux/files/home/my-project-clean/node_modules/@esbuild/.linux-arm-IoBVJ56K',
234 silly reify   '/data/data/com.termux/files/home/my-project-clean/node_modules/@esbuild/linux-arm64': '/data/data/com.termux/files/home/my-project-clean/node_modules/@esbuild/.linux-arm64-rSIyB8Uo',
234 silly reify   '/data/data/com.termux/files/home/my-project-clean/node_modules/@esbuild/linux-ia32': '/data/data/com.termux/files/home/my-project-clean/node_modules/@esbuild/.linux-ia32-P97frJIo',
234 silly reify   '/data/data/com.termux/files/home/my-project-clean/node_modules/@esbuild/linux-loong64': '/data/data/com.termux/files/home/my-project-clean/node_modules/@esbuild/.linux-loong64-CQdpLVNT',
234 silly reify   '/data/data/com.termux/files/home/my-project-clean/node_modules/@esbuild/linux-mips64el': '/data/data/com.termux/files/home/my-project-clean/node_modules/@esbuild/.linux-mips64el-ytsu0Wp0',
234 silly reify   '/data/data/com.termux/files/home/my-project-clean/node_modules/@esbuild/linux-ppc64': '/data/data/com.termux/files/home/my-project-clean/node_modules/@esbuild/.linux-ppc64-oioZjFw4',
234 silly reify   '/data/data/com.termux/files/home/my-project-clean/node_modules/@esbuild/linux-riscv64': '/data/data/com.termux/files/home/my-project-clean/node_modules/@esbuild/.linux-riscv64-RvB3dyJS',
234 silly reify   '/data/data/com.termux/files/home/my-project-clean/node_modules/@esbuild/linux-s390x': '/data/data/com.termux/files/home/my-project-clean/node_modules/@esbuild/.linux-s390x-GupGOa2k',
234 silly reify   '/data/data/com.termux/files/home/my-project-clean/node_modules/@esbuild/linux-x64': '/data/data/com.termux/files/home/my-project-clean/node_modules/@esbuild/.linux-x64-BV3zQmIf',
234 silly reify   '/data/data/com.termux/files/home/my-project-clean/node_modules/@esbuild/netbsd-x64': '/data/data/com.termux/files/home/my-project-clean/node_modules/@esbuild/.netbsd-x64-beWn5FjJ',
234 silly reify   '/data/data/com.termux/files/home/my-project-clean/node_modules/@esbuild/openbsd-x64': '/data/data/com.termux/files/home/my-project-clean/node_modules/@esbuild/.openbsd-x64-sED3x82D',
234 silly reify   '/data/data/com.termux/files/home/my-project-clean/node_modules/@esbuild/sunos-x64': '/data/data/com.termux/files/home/my-project-clean/node_modules/@esbuild/.sunos-x64-ytpWigyu',
234 silly reify   '/data/data/com.termux/files/home/my-project-clean/node_modules/@esbuild/win32-arm64': '/data/data/com.termux/files/home/my-project-clean/node_modules/@esbuild/.win32-arm64-pTMwux3B',
234 silly reify   '/data/data/com.termux/files/home/my-project-clean/node_modules/@esbuild/win32-ia32': '/data/data/com.termux/files/home/my-project-clean/node_modules/@esbuild/.win32-ia32-AIT0QsR4',
234 silly reify   '/data/data/com.termux/files/home/my-project-clean/node_modules/@esbuild/win32-x64': '/data/data/com.termux/files/home/my-project-clean/node_modules/@esbuild/.win32-x64-mPQdEIzK',
234 silly reify   '/data/data/com.termux/files/home/my-project-clean/node_modules/@eslint/config-array': '/data/data/com.termux/files/home/my-project-clean/node_modules/@eslint/.config-array-xLmuwd6R',
234 silly reify   '/data/data/com.termux/files/home/my-project-clean/node_modules/@eslint/core': '/data/data/com.termux/files/home/my-project-clean/node_modules/@eslint/.core-OwvxnoaV',
234 silly reify   '/data/data/com.termux/files/home/my-project-clean/node_modules/@eslint/eslintrc': '/data/data/com.termux/files/home/my-project-clean/node_modules/@eslint/.eslintrc-3KkszaJW',
234 silly reify   '/data/data/com.termux/files/home/my-project-clean/node_modules/@eslint/js': '/data/data/com.termux/files/home/my-project-clean/node_modules/@eslint/.js-181jAJUd',
234 silly reify   '/data/data/com.termux/files/home/my-project-clean/node_modules/@eslint/object-schema': '/data/data/com.termux/files/home/my-project-clean/node_modules/@eslint/.object-schema-THa81iGK',
234 silly reify   '/data/data/com.termux/files/home/my-project-clean/node_modules/@eslint/plugin-kit': '/data/data/com.termux/files/home/my-project-clean/node_modules/@eslint/.plugin-kit-593tKrVi',
234 silly reify   '/data/data/com.termux/files/home/my-project-clean/node_modules/@eslint-community/eslint-utils': '/data/data/com.termux/files/home/my-project-clean/node_modules/@eslint-community/.eslint-utils-HtweGcFq',
234 silly reify   '/data/data/com.termux/files/home/my-project-clean/node_modules/@eslint-community/regexpp': '/data/data/com.termux/files/home/my-project-clean/node_modules/@eslint-community/.regexpp-mk5Iwjwj',
234 silly reify   '/data/data/com.termux/files/home/my-project-clean/node_modules/@humanfs/core': '/data/data/com.termux/files/home/my-project-clean/node_modules/@humanfs/.core-ubizuDmq',
234 silly reify   '/data/data/com.termux/files/home/my-project-clean/node_modules/@humanfs/node': '/data/data/com.termux/files/home/my-project-clean/node_modules/@humanfs/.node-z2LEpmEu',
234 silly reify   '/data/data/com.termux/files/home/my-project-clean/node_modules/@humanwhocodes/module-importer': '/data/data/com.termux/files/home/my-project-clean/node_modules/@humanwhocodes/.module-importer-xkVxoFKh',
234 silly reify   '/data/data/com.termux/files/home/my-project-clean/node_modules/@humanwhocodes/retry': '/data/data/com.termux/files/home/my-project-clean/node_modules/@humanwhocodes/.retry-HG6ybHYS',
234 silly reify   '/data/data/com.termux/files/home/my-project-clean/node_modules/@isaacs/cliui': '/data/data/com.termux/files/home/my-project-clean/node_modules/@isaacs/.cliui-zsDH3muO',
234 silly reify   '/data/data/com.termux/files/home/my-project-clean/node_modules/@jridgewell/gen-mapping': '/data/data/com.termux/files/home/my-project-clean/node_modules/@jridgewell/.gen-mapping-ItosvODW',
234 silly reify   '/data/data/com.termux/files/home/my-project-clean/node_modules/@jridgewell/resolve-uri': '/data/data/com.termux/files/home/my-project-clean/node_modules/@jridgewell/.resolve-uri-sFMqYXva',
234 silly reify   '/data/data/com.termux/files/home/my-project-clean/node_modules/@jridgewell/set-array': '/data/data/com.termux/files/home/my-project-clean/node_modules/@jridgewell/.set-array-FaKWDhU9',
234 silly reify   '/data/data/com.termux/files/home/my-project-clean/node_modules/@jridgewell/sourcemap-codec': '/data/data/com.termux/files/home/my-project-clean/node_modules/@jridgewell/.sourcemap-codec-XknutIFl',
234 silly reify   '/data/data/com.termux/files/home/my-project-clean/node_modules/@jridgewell/trace-mapping': '/data/data/com.termux/files/home/my-project-clean/node_modules/@jridgewell/.trace-mapping-bjHpbkph',
234 silly reify   '/data/data/com.termux/files/home/my-project-clean/node_modules/@nodelib/fs.scandir': '/data/data/com.termux/files/home/my-project-clean/node_modules/@nodelib/.fs.scandir-RlDIB5b4',
234 silly reify   '/data/data/com.termux/files/home/my-project-clean/node_modules/@nodelib/fs.stat': '/data/data/com.termux/files/home/my-project-clean/node_modules/@nodelib/.fs.stat-32fBgaV7',
234 silly reify   '/data/data/com.termux/files/home/my-project-clean/node_modules/@nodelib/fs.walk': '/data/data/com.termux/files/home/my-project-clean/node_modules/@nodelib/.fs.walk-lOljOVsl',
234 silly reify   '/data/data/com.termux/files/home/my-project-clean/node_modules/@pkgjs/parseargs': '/data/data/com.termux/files/home/my-project-clean/node_modules/@pkgjs/.parseargs-JewWe5Gu',
234 silly reify   '/data/data/com.termux/files/home/my-project-clean/node_modules/@rollup/rollup-android-arm-eabi': '/data/data/com.termux/files/home/my-project-clean/node_modules/@rollup/.rollup-android-arm-eabi-QqilD6Lp',
234 silly reify   '/data/data/com.termux/files/home/my-project-clean/node_modules/@rollup/rollup-android-arm64': '/data/data/com.termux/files/home/my-project-clean/node_modules/@rollup/.rollup-android-arm64-tHULhRDj',
234 silly reify   '/data/data/com.termux/files/home/my-project-clean/node_modules/@rollup/rollup-darwin-arm64': '/data/data/com.termux/files/home/my-project-clean/node_modules/@rollup/.rollup-darwin-arm64-xu6ZK3Tk',
234 silly reify   '/data/data/com.termux/files/home/my-project-clean/node_modules/@rollup/rollup-darwin-x64': '/data/data/com.termux/files/home/my-project-clean/node_modules/@rollup/.rollup-darwin-x64-odGTnSBH',
234 silly reify   '/data/data/com.termux/files/home/my-project-clean/node_modules/@rollup/rollup-linux-arm-gnueabihf': '/data/data/com.termux/files/home/my-project-clean/node_modules/@rollup/.rollup-linux-arm-gnueabihf-hkezQmR7',
234 silly reify   '/data/data/com.termux/files/home/my-project-clean/node_modules/@rollup/rollup-linux-arm-musleabihf': '/data/data/com.termux/files/home/my-project-clean/node_modules/@rollup/.rollup-linux-arm-musleabihf-VlJGG0Wm',
234 silly reify   '/data/data/com.termux/files/home/my-project-clean/node_modules/@rollup/rollup-linux-arm64-gnu': '/data/data/com.termux/files/home/my-project-clean/node_modules/@rollup/.rollup-linux-arm64-gnu-N7Rok8c9',
234 silly reify   '/data/data/com.termux/files/home/my-project-clean/node_modules/@rollup/rollup-linux-arm64-musl': '/data/data/com.termux/files/home/my-project-clean/node_modules/@rollup/.rollup-linux-arm64-musl-cx1YvpbD',
234 silly reify   '/data/data/com.termux/files/home/my-project-clean/node_modules/@rollup/rollup-linux-powerpc64le-gnu': '/data/data/com.termux/files/home/my-project-clean/node_modules/@rollup/.rollup-linux-powerpc64le-gnu-DYOFQg1N',
234 silly reify   '/data/data/com.termux/files/home/my-project-clean/node_modules/@rollup/rollup-linux-riscv64-gnu': '/data/data/com.termux/files/home/my-project-clean/node_modules/@rollup/.rollup-linux-riscv64-gnu-MRw0HAup',
234 silly reify   '/data/data/com.termux/files/home/my-project-clean/node_modules/@rollup/rollup-linux-s390x-gnu': '/data/data/com.termux/files/home/my-project-clean/node_modules/@rollup/.rollup-linux-s390x-gnu-mNey9Rrq',
234 silly reify   '/data/data/com.termux/files/home/my-project-clean/node_modules/@rollup/rollup-linux-x64-gnu': '/data/data/com.termux/files/home/my-project-clean/node_modules/@rollup/.rollup-linux-x64-gnu-rR9dNmJN',
234 silly reify   '/data/data/com.termux/files/home/my-project-clean/node_modules/@rollup/rollup-linux-x64-musl': '/data/data/com.termux/files/home/my-project-clean/node_modules/@rollup/.rollup-linux-x64-musl-xhu0slcF',
234 silly reify   '/data/data/com.termux/files/home/my-project-clean/node_modules/@rollup/rollup-win32-arm64-msvc': '/data/data/com.termux/files/home/my-project-clean/node_modules/@rollup/.rollup-win32-arm64-msvc-IdIdsxpu',
234 silly reify   '/data/data/com.termux/files/home/my-project-clean/node_modules/@rollup/rollup-win32-ia32-msvc': '/data/data/com.termux/files/home/my-project-clean/node_modules/@rollup/.rollup-win32-ia32-msvc-c5xZH6eJ',
234 silly reify   '/data/data/com.termux/files/home/my-project-clean/node_modules/@rollup/rollup-win32-x64-msvc': '/data/data/com.termux/files/home/my-project-clean/node_modules/@rollup/.rollup-win32-x64-msvc-kuMilj0T',
234 silly reify   '/data/data/com.termux/files/home/my-project-clean/node_modules/@types/estree': '/data/data/com.termux/files/home/my-project-clean/node_modules/@types/.estree-EUinknCw',
234 silly reify   '/data/data/com.termux/files/home/my-project-clean/node_modules/@types/json-schema': '/data/data/com.termux/files/home/my-project-clean/node_modules/@types/.json-schema-ZGstmu77',
234 silly reify   '/data/data/com.termux/files/home/my-project-clean/node_modules/@types/node': '/data/data/com.termux/files/home/my-project-clean/node_modules/@types/.node-3ZtJKSUa',
234 silly reify   '/data/data/com.termux/files/home/my-project-clean/node_modules/@typescript-eslint/eslint-plugin': '/data/data/com.termux/files/home/my-project-clean/node_modules/@typescript-eslint/.eslint-plugin-ql63Z2no',
234 silly reify   '/data/data/com.termux/files/home/my-project-clean/node_modules/@typescript-eslint/parser': '/data/data/com.termux/files/home/my-project-clean/node_modules/@typescript-eslint/.parser-xkyfpGL2',
234 silly reify   '/data/data/com.termux/files/home/my-project-clean/node_modules/@typescript-eslint/scope-manager': '/data/data/com.termux/files/home/my-project-clean/node_modules/@typescript-eslint/.scope-manager-IvVM3NFM',
234 silly reify   '/data/data/com.termux/files/home/my-project-clean/node_modules/@typescript-eslint/type-utils': '/data/data/com.termux/files/home/my-project-clean/node_modules/@typescript-eslint/.type-utils-YwxHveI8',
234 silly reify   '/data/data/com.termux/files/home/my-project-clean/node_modules/@typescript-eslint/types': '/data/data/com.termux/files/home/my-project-clean/node_modules/@typescript-eslint/.types-nl8bSoCH',
234 silly reify   '/data/data/com.termux/files/home/my-project-clean/node_modules/@typescript-eslint/typescript-estree': '/data/data/com.termux/files/home/my-project-clean/node_modules/@typescript-eslint/.typescript-estree-S2WASrm7',
234 silly reify   '/data/data/com.termux/files/home/my-project-clean/node_modules/@typescript-eslint/utils': '/data/data/com.termux/files/home/my-project-clean/node_modules/@typescript-eslint/.utils-KfnIvgV0',
234 silly reify   '/data/data/com.termux/files/home/my-project-clean/node_modules/@typescript-eslint/visitor-keys': '/data/data/com.termux/files/home/my-project-clean/node_modules/@typescript-eslint/.visitor-keys-G7YdsrIr'
234 silly reify }
235 silly audit bulk request {
235 silly audit   '@alloc/quick-lru': [ '5.2.0' ],
235 silly audit   globals: [ '14.0.0', '15.11.0' ],
235 silly audit   '@esbuild/aix-ppc64': [ '0.21.5' ],
235 silly audit   '@esbuild/android-arm': [ '0.21.5' ],
235 silly audit   '@esbuild/android-arm64': [ '0.21.5' ],
235 silly audit   '@esbuild/android-x64': [ '0.21.5' ],
235 silly audit   '@esbuild/darwin-arm64': [ '0.21.5' ],
235 silly audit   '@esbuild/darwin-x64': [ '0.21.5' ],
235 silly audit   '@esbuild/freebsd-arm64': [ '0.21.5' ],
235 silly audit   '@esbuild/freebsd-x64': [ '0.21.5' ],
235 silly audit   '@esbuild/linux-arm': [ '0.21.5' ],
235 silly audit   '@esbuild/linux-arm64': [ '0.21.5' ],
235 silly audit   '@esbuild/linux-ia32': [ '0.21.5' ],
235 silly audit   '@esbuild/linux-loong64': [ '0.21.5' ],
235 silly audit   '@esbuild/linux-mips64el': [ '0.21.5' ],
235 silly audit   '@esbuild/linux-ppc64': [ '0.21.5' ],
235 silly audit   '@esbuild/linux-riscv64': [ '0.21.5' ],
235 silly audit   '@esbuild/linux-s390x': [ '0.21.5' ],
235 silly audit   '@esbuild/linux-x64': [ '0.21.5' ],
235 silly audit   '@esbuild/netbsd-x64': [ '0.21.5' ],
235 silly audit   '@esbuild/openbsd-x64': [ '0.21.5' ],
235 silly audit   '@esbuild/sunos-x64': [ '0.21.5' ],
235 silly audit   '@esbuild/win32-arm64': [ '0.21.5' ],
235 silly audit   '@esbuild/win32-ia32': [ '0.21.5' ],
235 silly audit   '@esbuild/win32-x64': [ '0.21.5' ],
235 silly audit   '@eslint-community/eslint-utils': [ '4.4.0' ],
235 silly audit   'eslint-visitor-keys': [ '3.4.3', '4.1.0' ],
235 silly audit   '@eslint-community/regexpp': [ '4.11.1' ],
235 silly audit   '@eslint/config-array': [ '0.18.0' ],
235 silly audit   '@eslint/core': [ '0.6.0' ],
235 silly audit   '@eslint/eslintrc': [ '3.1.0' ],
235 silly audit   '@eslint/js': [ '9.12.0' ],
235 silly audit   '@eslint/object-schema': [ '2.1.4' ],
235 silly audit   '@eslint/plugin-kit': [ '0.2.0' ],
235 silly audit   '@humanfs/core': [ '0.19.0' ],
235 silly audit   '@humanfs/node': [ '0.16.5' ],
235 silly audit   '@humanwhocodes/module-importer': [ '1.0.1' ],
235 silly audit   '@humanwhocodes/retry': [ '0.3.1' ],
235 silly audit   '@isaacs/cliui': [ '8.0.2' ],
235 silly audit   '@jridgewell/gen-mapping': [ '0.3.5' ],
235 silly audit   '@jridgewell/resolve-uri': [ '3.1.2' ],
235 silly audit   '@jridgewell/set-array': [ '1.2.1' ],
235 silly audit   '@jridgewell/sourcemap-codec': [ '1.5.0' ],
235 silly audit   '@jridgewell/trace-mapping': [ '0.3.25' ],
235 silly audit   '@nodelib/fs.scandir': [ '2.1.5' ],
235 silly audit   '@nodelib/fs.stat': [ '2.0.5' ],
235 silly audit   '@nodelib/fs.walk': [ '1.2.8' ],
235 silly audit   '@pkgjs/parseargs': [ '0.11.0' ],
235 silly audit   '@rollup/rollup-android-arm-eabi': [ '4.24.0' ],
235 silly audit   '@rollup/rollup-android-arm64': [ '4.24.0' ],
235 silly audit   '@rollup/rollup-darwin-arm64': [ '4.24.0' ],
235 silly audit   '@rollup/rollup-darwin-x64': [ '4.24.0' ],
235 silly audit   '@rollup/rollup-linux-arm-gnueabihf': [ '4.24.0' ],
235 silly audit   '@rollup/rollup-linux-arm-musleabihf': [ '4.24.0' ],
235 silly audit   '@rollup/rollup-linux-arm64-gnu': [ '4.24.0' ],
235 silly audit   '@rollup/rollup-linux-arm64-musl': [ '4.24.0' ],
235 silly audit   '@rollup/rollup-linux-powerpc64le-gnu': [ '4.24.0' ],
235 silly audit   '@rollup/rollup-linux-riscv64-gnu': [ '4.24.0' ],
235 silly audit   '@rollup/rollup-linux-s390x-gnu': [ '4.24.0' ],
235 silly audit   '@rollup/rollup-linux-x64-gnu': [ '4.24.0' ],
235 silly audit   '@rollup/rollup-linux-x64-musl': [ '4.24.0' ],
235 silly audit   '@rollup/rollup-win32-arm64-msvc': [ '4.24.0' ],
235 silly audit   '@rollup/rollup-win32-ia32-msvc': [ '4.24.0' ],
235 silly audit   '@rollup/rollup-win32-x64-msvc': [ '4.24.0' ],
235 silly audit   '@types/estree': [ '1.0.6' ],
235 silly audit   '@types/json-schema': [ '7.0.15' ],
235 silly audit   '@types/node': [ '24.1.0' ],
235 silly audit   '@typescript-eslint/eslint-plugin': [ '8.8.1' ],
235 silly audit   '@typescript-eslint/parser': [ '8.8.1' ],
235 silly audit   '@typescript-eslint/scope-manager': [ '8.8.1' ],
235 silly audit   '@typescript-eslint/type-utils': [ '8.8.1' ],
235 silly audit   '@typescript-eslint/types': [ '8.8.1' ],
235 silly audit   '@typescript-eslint/typescript-estree': [ '8.8.1' ],
235 silly audit   'brace-expansion': [ '2.0.1', '1.1.11' ],
235 silly audit   minimatch: [ '9.0.5', '3.1.2' ],
235 silly audit   semver: [ '7.6.3' ],
235 silly audit   '@typescript-eslint/utils': [ '8.8.1' ],
235 silly audit   '@typescript-eslint/visitor-keys': [ '8.8.1' ],
235 silly audit   acorn: [ '8.12.1' ],
235 silly audit   'acorn-jsx': [ '5.3.2' ],
235 silly audit   ajv: [ '6.12.6' ],
235 silly audit   'ansi-regex': [ '6.1.0', '5.0.1' ],
235 silly audit   'ansi-styles': [ '4.3.0', '6.2.1' ],
235 silly audit   'any-promise': [ '1.3.0' ],
235 silly audit   anymatch: [ '3.1.3' ],
235 silly audit   arg: [ '5.0.2' ],
235 silly audit   argparse: [ '2.0.1' ],
235 silly audit   'balanced-match': [ '1.0.2' ],
235 silly audit   'binary-extensions': [ '2.3.0' ],
235 silly audit   debug: [ '4.4.1' ],
235 silly audit   ms: [ '2.1.3' ],
235 silly audit   braces: [ '3.0.3' ],
235 silly audit   callsites: [ '3.1.0' ],
235 silly audit   'camelcase-css': [ '2.0.1' ],
235 silly audit   chalk: [ '4.1.2' ],
235 silly audit   chokidar: [ '3.6.0' ],
235 silly audit   'glob-parent': [ '5.1.2', '6.0.2' ],
235 silly audit   'color-convert': [ '2.0.1' ],
235 silly audit   'color-name': [ '1.1.4' ],
235 silly audit   'emoji-regex': [ '9.2.2', '8.0.0' ],
235 silly audit   'string-width': [ '5.1.2', '4.2.3' ],
235 silly audit   'strip-ansi': [ '6.0.1', '7.1.0' ],
235 silly audit   'wrap-ansi': [ '8.1.0', '7.0.0' ],
235 silly audit   commander: [ '4.1.1' ],
235 silly audit   'concat-map': [ '0.0.1' ],
235 silly audit   'supports-color': [ '7.2.0' ],
235 silly audit   'has-flag': [ '4.0.0' ],
235 silly audit   'cross-spawn': [ '7.0.3' ],
235 silly audit   cssesc: [ '3.0.0' ],
235 silly audit   'deep-is': [ '0.1.4' ],
235 silly audit   didyoumean: [ '1.2.2' ],
235 silly audit   dlv: [ '1.1.3' ],
235 silly audit   eastasianwidth: [ '0.2.0' ],
235 silly audit   esbuild: [ '0.21.5' ],
235 silly audit   'escape-string-regexp': [ '4.0.0' ],
235 silly audit   eslint: [ '9.12.0' ],
235 silly audit   'eslint-scope': [ '8.1.0' ],
235 silly audit   espree: [ '10.2.0' ],
235 silly audit   esquery: [ '1.6.0' ],
235 silly audit   esrecurse: [ '4.3.0' ],
235 silly audit   estraverse: [ '5.3.0' ],
235 silly audit   esutils: [ '2.0.3' ],
235 silly audit   'fast-deep-equal': [ '3.1.3' ],
235 silly audit   'fast-glob': [ '3.3.2' ],
235 silly audit   'fast-json-stable-stringify': [ '2.1.0' ],
235 silly audit   'fast-levenshtein': [ '2.0.6' ],
235 silly audit   fastq: [ '1.17.1' ],
235 silly audit   'file-entry-cache': [ '8.0.0' ],
235 silly audit   'fill-range': [ '7.1.1' ],
235 silly audit   'find-up': [ '5.0.0' ],
235 silly audit   'flat-cache': [ '4.0.1' ],
235 silly audit   flatted: [ '3.3.1' ],
235 silly audit   'foreground-child': [ '3.3.0' ],
235 silly audit   fsevents: [ '2.3.3' ],
235 silly audit   'function-bind': [ '1.1.2' ],
235 silly audit   glob: [ '10.4.5' ],
235 silly audit   graphemer: [ '1.4.0' ],
235 silly audit   hasown: [ '2.0.2' ],
235 silly audit   ignore: [ '5.3.2' ],
235 silly audit   'import-fresh': [ '3.3.0' ],
235 silly audit   imurmurhash: [ '0.1.4' ],
235 silly audit   'is-binary-path': [ '2.1.0' ],
235 silly audit   'is-core-module': [ '2.15.1' ],
235 silly audit   'is-extglob': [ '2.1.1' ],
235 silly audit   'is-fullwidth-code-point': [ '3.0.0' ],
235 silly audit   'is-glob': [ '4.0.3' ],
235 silly audit   'is-number': [ '7.0.0' ],
235 silly audit   isexe: [ '2.0.0' ],
235 silly audit   jackspeak: [ '3.4.3' ],
235 silly audit   jiti: [ '1.21.6' ],
235 silly audit   'js-yaml': [ '4.1.0' ],
235 silly audit   'json-buffer': [ '3.0.1' ],
235 silly audit   'json-schema-traverse': [ '0.4.1' ],
235 silly audit   'json-stable-stringify-without-jsonify': [ '1.0.1' ],
235 silly audit   keyv: [ '4.5.4' ],
235 silly audit   levn: [ '0.4.1' ],
235 silly audit   lilconfig: [ '3.1.3' ],
235 silly audit   'lines-and-columns': [ '1.2.4' ],
235 silly audit   'locate-path': [ '6.0.0' ],
235 silly audit   'lodash.merge': [ '4.6.2' ],
235 silly audit   'lru-cache': [ '10.4.3' ],
235 silly audit   merge2: [ '1.4.1' ],
235 silly audit   micromatch: [ '4.0.8' ],
235 silly audit   minipass: [ '7.1.2' ],
235 silly audit   mz: [ '2.7.0' ],
235 silly audit   nanoid: [ '3.3.7' ],
235 silly audit   'natural-compare': [ '1.4.0' ],
235 silly audit   'normalize-path': [ '3.0.0' ],
235 silly audit   'object-assign': [ '4.1.1' ],
235 silly audit   'object-hash': [ '3.0.0' ],
235 silly audit   optionator: [ '0.9.4' ],
235 silly audit   'p-limit': [ '3.1.0' ],
235 silly audit   'p-locate': [ '5.0.0' ],
235 silly audit   'package-json-from-dist': [ '1.0.1' ],
235 silly audit   'parent-module': [ '1.0.1' ],
235 silly audit   'path-exists': [ '4.0.0' ],
235 silly audit   'path-key': [ '3.1.1' ],
235 silly audit   'path-parse': [ '1.0.7' ],
235 silly audit   'path-scurry': [ '1.11.1' ],
235 silly audit   picocolors: [ '1.1.1' ],
235 silly audit   picomatch: [ '2.3.1' ],
235 silly audit   pify: [ '2.3.0' ],
235 silly audit   pirates: [ '4.0.6' ],
235 silly audit   postcss: [ '8.4.47' ],
235 silly audit   'postcss-import': [ '15.1.0' ],
235 silly audit   'postcss-js': [ '4.0.1' ],
235 silly audit   'postcss-load-config': [ '4.0.2' ],
235 silly audit   'postcss-nested': [ '6.2.0' ],
235 silly audit   'postcss-selector-parser': [ '6.1.2' ],
235 silly audit   'postcss-value-parser': [ '4.2.0' ],
235 silly audit   'prelude-ls': [ '1.2.1' ],
235 silly audit   punycode: [ '2.3.1' ],
235 silly audit   'queue-microtask': [ '1.2.3' ],
235 silly audit   'read-cache': [ '1.0.0' ],
235 silly audit   readdirp: [ '3.6.0' ],
235 silly audit   resolve: [ '1.22.8' ],
235 silly audit   'resolve-from': [ '4.0.0' ],
235 silly audit   reusify: [ '1.0.4' ],
235 silly audit   rollup: [ '4.24.0' ],
235 silly audit   'run-parallel': [ '1.2.0' ],
235 silly audit   'shebang-command': [ '2.0.0' ],
235 silly audit   'shebang-regex': [ '3.0.0' ],
235 silly audit   'signal-exit': [ '4.1.0' ],
235 silly audit   'source-map-js': [ '1.2.1' ],
235 silly audit   'strip-json-comments': [ '3.1.1' ],
235 silly audit   sucrase: [ '3.35.0' ],
235 silly audit   'supports-preserve-symlinks-flag': [ '1.0.0' ],
235 silly audit   tailwindcss: [ '3.4.17' ],
235 silly audit   'text-table': [ '0.2.0' ],
235 silly audit   thenify: [ '3.3.1' ],
235 silly audit   'thenify-all': [ '1.6.0' ],
235 silly audit   'to-regex-range': [ '5.0.1' ],
235 silly audit   'ts-api-utils': [ '1.3.0' ],
235 silly audit   'ts-interface-checker': [ '0.1.13' ],
235 silly audit   'type-check': [ '0.4.0' ],
235 silly audit   typescript: [ '5.6.3' ],
235 silly audit   'typescript-eslint': [ '8.8.1' ],
235 silly audit   'undici-types': [ '7.8.0' ],
235 silly audit   'uri-js': [ '4.4.1' ],
235 silly audit   'util-deprecate': [ '1.0.2' ],
235 silly audit   vite: [ '5.4.8' ],
235 silly audit   which: [ '2.0.2' ],
235 silly audit   'word-wrap': [ '1.2.5' ],
235 silly audit   yaml: [ '2.5.1' ],
235 silly audit   'yocto-queue': [ '0.1.0' ]
235 silly audit }
236 verbose reify failed optional dependency /data/data/com.termux/files/home/my-project-clean/node_modules/@rollup/rollup-win32-x64-msvc
237 silly reify mark deleted [
237 silly reify   '/data/data/com.termux/files/home/my-project-clean/node_modules/@rollup/rollup-win32-x64-msvc'
237 silly reify ]
238 verbose reify failed optional dependency /data/data/com.termux/files/home/my-project-clean/node_modules/@rollup/rollup-win32-ia32-msvc
239 silly reify mark deleted [
239 silly reify   '/data/data/com.termux/files/home/my-project-clean/node_modules/@rollup/rollup-win32-ia32-msvc'
239 silly reify ]
240 verbose reify failed optional dependency /data/data/com.termux/files/home/my-project-clean/node_modules/@rollup/rollup-win32-arm64-msvc
241 silly reify mark deleted [
241 silly reify   '/data/data/com.termux/files/home/my-project-clean/node_modules/@rollup/rollup-win32-arm64-msvc'
241 silly reify ]
242 verbose reify failed optional dependency /data/data/com.termux/files/home/my-project-clean/node_modules/@rollup/rollup-linux-x64-musl
243 silly reify mark deleted [
243 silly reify   '/data/data/com.termux/files/home/my-project-clean/node_modules/@rollup/rollup-linux-x64-musl'
243 silly reify ]
244 verbose reify failed optional dependency /data/data/com.termux/files/home/my-project-clean/node_modules/@rollup/rollup-linux-x64-gnu
245 silly reify mark deleted [
245 silly reify   '/data/data/com.termux/files/home/my-project-clean/node_modules/@rollup/rollup-linux-x64-gnu'
245 silly reify ]
246 verbose reify failed optional dependency /data/data/com.termux/files/home/my-project-clean/node_modules/@rollup/rollup-linux-s390x-gnu
247 silly reify mark deleted [
247 silly reify   '/data/data/com.termux/files/home/my-project-clean/node_modules/@rollup/rollup-linux-s390x-gnu'
247 silly reify ]
248 verbose reify failed optional dependency /data/data/com.termux/files/home/my-project-clean/node_modules/@rollup/rollup-linux-riscv64-gnu
249 silly reify mark deleted [
249 silly reify   '/data/data/com.termux/files/home/my-project-clean/node_modules/@rollup/rollup-linux-riscv64-gnu'
249 silly reify ]
250 verbose reify failed optional dependency /data/data/com.termux/files/home/my-project-clean/node_modules/@rollup/rollup-linux-powerpc64le-gnu
251 silly reify mark deleted [
251 silly reify   '/data/data/com.termux/files/home/my-project-clean/node_modules/@rollup/rollup-linux-powerpc64le-gnu'
251 silly reify ]
252 verbose reify failed optional dependency /data/data/com.termux/files/home/my-project-clean/node_modules/@rollup/rollup-linux-arm64-musl
253 silly reify mark deleted [
253 silly reify   '/data/data/com.termux/files/home/my-project-clean/node_modules/@rollup/rollup-linux-arm64-musl'
253 silly reify ]
254 verbose reify failed optional dependency /data/data/com.termux/files/home/my-project-clean/node_modules/@rollup/rollup-linux-arm64-gnu
255 silly reify mark deleted [
255 silly reify   '/data/data/com.termux/files/home/my-project-clean/node_modules/@rollup/rollup-linux-arm64-gnu'
255 silly reify ]
256 verbose reify failed optional dependency /data/data/com.termux/files/home/my-project-clean/node_modules/@rollup/rollup-linux-arm-musleabihf
257 silly reify mark deleted [
257 silly reify   '/data/data/com.termux/files/home/my-project-clean/node_modules/@rollup/rollup-linux-arm-musleabihf'
257 silly reify ]
258 verbose reify failed optional dependency /data/data/com.termux/files/home/my-project-clean/node_modules/@rollup/rollup-linux-arm-gnueabihf
259 silly reify mark deleted [
259 silly reify   '/data/data/com.termux/files/home/my-project-clean/node_modules/@rollup/rollup-linux-arm-gnueabihf'
259 silly reify ]
260 verbose reify failed optional dependency /data/data/com.termux/files/home/my-project-clean/node_modules/@rollup/rollup-darwin-x64
261 silly reify mark deleted [
261 silly reify   '/data/data/com.termux/files/home/my-project-clean/node_modules/@rollup/rollup-darwin-x64'
261 silly reify ]
262 verbose reify failed optional dependency /data/data/com.termux/files/home/my-project-clean/node_modules/@rollup/rollup-darwin-arm64
263 silly reify mark deleted [
263 silly reify   '/data/data/com.termux/files/home/my-project-clean/node_modules/@rollup/rollup-darwin-arm64'
263 silly reify ]
264 verbose reify failed optional dependency /data/data/com.termux/files/home/my-project-clean/node_modules/@rollup/rollup-android-arm64
265 silly reify mark deleted [
265 silly reify   '/data/data/com.termux/files/home/my-project-clean/node_modules/@rollup/rollup-android-arm64'
265 silly reify ]
266 verbose reify failed optional dependency /data/data/com.termux/files/home/my-project-clean/node_modules/@esbuild/win32-x64
267 silly reify mark deleted [
267 silly reify   '/data/data/com.termux/files/home/my-project-clean/node_modules/@esbuild/win32-x64'
267 silly reify ]
268 verbose reify failed optional dependency /data/data/com.termux/files/home/my-project-clean/node_modules/@esbuild/win32-ia32
269 silly reify mark deleted [
269 silly reify   '/data/data/com.termux/files/home/my-project-clean/node_modules/@esbuild/win32-ia32'
269 silly reify ]
270 verbose reify failed optional dependency /data/data/com.termux/files/home/my-project-clean/node_modules/@esbuild/win32-arm64
271 silly reify mark deleted [
271 silly reify   '/data/data/com.termux/files/home/my-project-clean/node_modules/@esbuild/win32-arm64'
271 silly reify ]
272 verbose reify failed optional dependency /data/data/com.termux/files/home/my-project-clean/node_modules/@esbuild/sunos-x64
273 silly reify mark deleted [
273 silly reify   '/data/data/com.termux/files/home/my-project-clean/node_modules/@esbuild/sunos-x64'
273 silly reify ]
274 verbose reify failed optional dependency /data/data/com.termux/files/home/my-project-clean/node_modules/@esbuild/openbsd-x64
275 silly reify mark deleted [
275 silly reify   '/data/data/com.termux/files/home/my-project-clean/node_modules/@esbuild/openbsd-x64'
275 silly reify ]
276 verbose reify failed optional dependency /data/data/com.termux/files/home/my-project-clean/node_modules/@esbuild/netbsd-x64
277 silly reify mark deleted [
277 silly reify   '/data/data/com.termux/files/home/my-project-clean/node_modules/@esbuild/netbsd-x64'
277 silly reify ]
278 verbose reify failed optional dependency /data/data/com.termux/files/home/my-project-clean/node_modules/@esbuild/linux-x64
279 silly reify mark deleted [
279 silly reify   '/data/data/com.termux/files/home/my-project-clean/node_modules/@esbuild/linux-x64'
279 silly reify ]
280 verbose reify failed optional dependency /data/data/com.termux/files/home/my-project-clean/node_modules/@esbuild/linux-s390x
281 silly reify mark deleted [
281 silly reify   '/data/data/com.termux/files/home/my-project-clean/node_modules/@esbuild/linux-s390x'
281 silly reify ]
282 verbose reify failed optional dependency /data/data/com.termux/files/home/my-project-clean/node_modules/@esbuild/linux-riscv64
283 silly reify mark deleted [
283 silly reify   '/data/data/com.termux/files/home/my-project-clean/node_modules/@esbuild/linux-riscv64'
283 silly reify ]
284 verbose reify failed optional dependency /data/data/com.termux/files/home/my-project-clean/node_modules/@esbuild/linux-ppc64
285 silly reify mark deleted [
285 silly reify   '/data/data/com.termux/files/home/my-project-clean/node_modules/@esbuild/linux-ppc64'
285 silly reify ]
286 verbose reify failed optional dependency /data/data/com.termux/files/home/my-project-clean/node_modules/@esbuild/linux-mips64el
287 silly reify mark deleted [
287 silly reify   '/data/data/com.termux/files/home/my-project-clean/node_modules/@esbuild/linux-mips64el'
287 silly reify ]
288 verbose reify failed optional dependency /data/data/com.termux/files/home/my-project-clean/node_modules/@esbuild/linux-loong64
289 silly reify mark deleted [
289 silly reify   '/data/data/com.termux/files/home/my-project-clean/node_modules/@esbuild/linux-loong64'
289 silly reify ]
290 verbose reify failed optional dependency /data/data/com.termux/files/home/my-project-clean/node_modules/@esbuild/linux-ia32
291 silly reify mark deleted [
291 silly reify   '/data/data/com.termux/files/home/my-project-clean/node_modules/@esbuild/linux-ia32'
291 silly reify ]
292 verbose reify failed optional dependency /data/data/com.termux/files/home/my-project-clean/node_modules/@esbuild/linux-arm64
293 silly reify mark deleted [
293 silly reify   '/data/data/com.termux/files/home/my-project-clean/node_modules/@esbuild/linux-arm64'
293 silly reify ]
294 verbose reify failed optional dependency /data/data/com.termux/files/home/my-project-clean/node_modules/@esbuild/linux-arm
295 silly reify mark deleted [
295 silly reify   '/data/data/com.termux/files/home/my-project-clean/node_modules/@esbuild/linux-arm'
295 silly reify ]
296 verbose reify failed optional dependency /data/data/com.termux/files/home/my-project-clean/node_modules/@esbuild/freebsd-x64
297 silly reify mark deleted [
297 silly reify   '/data/data/com.termux/files/home/my-project-clean/node_modules/@esbuild/freebsd-x64'
297 silly reify ]
298 verbose reify failed optional dependency /data/data/com.termux/files/home/my-project-clean/node_modules/@esbuild/freebsd-arm64
299 silly reify mark deleted [
299 silly reify   '/data/data/com.termux/files/home/my-project-clean/node_modules/@esbuild/freebsd-arm64'
299 silly reify ]
300 verbose reify failed optional dependency /data/data/com.termux/files/home/my-project-clean/node_modules/@esbuild/darwin-x64
301 silly reify mark deleted [
301 silly reify   '/data/data/com.termux/files/home/my-project-clean/node_modules/@esbuild/darwin-x64'
301 silly reify ]
302 verbose reify failed optional dependency /data/data/com.termux/files/home/my-project-clean/node_modules/@esbuild/darwin-arm64
303 silly reify mark deleted [
303 silly reify   '/data/data/com.termux/files/home/my-project-clean/node_modules/@esbuild/darwin-arm64'
303 silly reify ]
304 verbose reify failed optional dependency /data/data/com.termux/files/home/my-project-clean/node_modules/@esbuild/android-x64
305 silly reify mark deleted [
305 silly reify   '/data/data/com.termux/files/home/my-project-clean/node_modules/@esbuild/android-x64'
305 silly reify ]
306 verbose reify failed optional dependency /data/data/com.termux/files/home/my-project-clean/node_modules/@esbuild/android-arm64
307 silly reify mark deleted [
307 silly reify   '/data/data/com.termux/files/home/my-project-clean/node_modules/@esbuild/android-arm64'
307 silly reify ]
308 verbose reify failed optional dependency /data/data/com.termux/files/home/my-project-clean/node_modules/@esbuild/aix-ppc64
309 silly reify mark deleted [
309 silly reify   '/data/data/com.termux/files/home/my-project-clean/node_modules/@esbuild/aix-ppc64'
309 silly reify ]
310 verbose reify failed optional dependency /data/data/com.termux/files/home/my-project-clean/node_modules/fsevents
311 silly reify mark deleted [
311 silly reify   '/data/data/com.termux/files/home/my-project-clean/node_modules/fsevents'
311 silly reify ]
312 http cache @typescript-eslint/visitor-keys@https://registry.npmjs.org/@typescript-eslint/visitor-keys/-/visitor-keys-8.8.1.tgz 2ms (cache hit)
313 http cache @typescript-eslint/utils@https://registry.npmjs.org/@typescript-eslint/utils/-/utils-8.8.1.tgz 0ms (cache hit)
314 http cache @typescript-eslint/typescript-estree@https://registry.npmjs.org/@typescript-eslint/typescript-estree/-/typescript-estree-8.8.1.tgz 0ms (cache hit)
315 http cache @typescript-eslint/types@https://registry.npmjs.org/@typescript-eslint/types/-/types-8.8.1.tgz 0ms (cache hit)
316 http cache @typescript-eslint/type-utils@https://registry.npmjs.org/@typescript-eslint/type-utils/-/type-utils-8.8.1.tgz 0ms (cache hit)
317 http cache @typescript-eslint/scope-manager@https://registry.npmjs.org/@typescript-eslint/scope-manager/-/scope-manager-8.8.1.tgz 0ms (cache hit)
318 http cache @typescript-eslint/parser@https://registry.npmjs.org/@typescript-eslint/parser/-/parser-8.8.1.tgz 0ms (cache hit)
319 http cache @typescript-eslint/eslint-plugin@https://registry.npmjs.org/@typescript-eslint/eslint-plugin/-/eslint-plugin-8.8.1.tgz 0ms (cache hit)
320 http cache @types/node@https://registry.npmjs.org/@types/node/-/node-24.1.0.tgz 0ms (cache hit)
321 http cache @types/json-schema@https://registry.npmjs.org/@types/json-schema/-/json-schema-7.0.15.tgz 1ms (cache hit)
322 http cache @rollup/rollup-android-arm-eabi@https://registry.npmjs.org/@rollup/rollup-android-arm-eabi/-/rollup-android-arm-eabi-4.24.0.tgz 0ms (cache hit)
323 http cache @pkgjs/parseargs@https://registry.npmjs.org/@pkgjs/parseargs/-/parseargs-0.11.0.tgz 0ms (cache hit)
324 http cache @types/estree@https://registry.npmjs.org/@types/estree/-/estree-1.0.6.tgz 0ms (cache hit)
325 http cache @nodelib/fs.stat@https://registry.npmjs.org/@nodelib/fs.stat/-/fs.stat-2.0.5.tgz 0ms (cache hit)
326 http cache @nodelib/fs.scandir@https://registry.npmjs.org/@nodelib/fs.scandir/-/fs.scandir-2.1.5.tgz 0ms (cache hit)
327 http cache @jridgewell/trace-mapping@https://registry.npmjs.org/@jridgewell/trace-mapping/-/trace-mapping-0.3.25.tgz 0ms (cache hit)
328 http cache @jridgewell/sourcemap-codec@https://registry.npmjs.org/@jridgewell/sourcemap-codec/-/sourcemap-codec-1.5.0.tgz 0ms (cache hit)
329 http cache @jridgewell/set-array@https://registry.npmjs.org/@jridgewell/set-array/-/set-array-1.2.1.tgz 0ms (cache hit)
330 http cache @nodelib/fs.walk@https://registry.npmjs.org/@nodelib/fs.walk/-/fs.walk-1.2.8.tgz 0ms (cache hit)
331 http cache @jridgewell/resolve-uri@https://registry.npmjs.org/@jridgewell/resolve-uri/-/resolve-uri-3.1.2.tgz 0ms (cache hit)
332 http cache @jridgewell/gen-mapping@https://registry.npmjs.org/@jridgewell/gen-mapping/-/gen-mapping-0.3.5.tgz 0ms (cache hit)
333 http cache @isaacs/cliui@https://registry.npmjs.org/@isaacs/cliui/-/cliui-8.0.2.tgz 0ms (cache hit)
334 http cache @humanwhocodes/retry@https://registry.npmjs.org/@humanwhocodes/retry/-/retry-0.3.1.tgz 0ms (cache hit)
335 http cache @humanwhocodes/module-importer@https://registry.npmjs.org/@humanwhocodes/module-importer/-/module-importer-1.0.1.tgz 0ms (cache hit)
336 http cache @humanfs/core@https://registry.npmjs.org/@humanfs/core/-/core-0.19.0.tgz 0ms (cache hit)
337 http cache @humanfs/node@https://registry.npmjs.org/@humanfs/node/-/node-0.16.5.tgz 0ms (cache hit)
338 http cache @eslint-community/regexpp@https://registry.npmjs.org/@eslint-community/regexpp/-/regexpp-4.11.1.tgz 0ms (cache hit)
339 http cache @eslint-community/eslint-utils@https://registry.npmjs.org/@eslint-community/eslint-utils/-/eslint-utils-4.4.0.tgz 0ms (cache hit)
340 http cache @eslint/plugin-kit@https://registry.npmjs.org/@eslint/plugin-kit/-/plugin-kit-0.2.0.tgz 0ms (cache hit)
341 http cache @eslint/object-schema@https://registry.npmjs.org/@eslint/object-schema/-/object-schema-2.1.4.tgz 0ms (cache hit)
342 http cache @eslint/js@https://registry.npmjs.org/@eslint/js/-/js-9.12.0.tgz 0ms (cache hit)
343 http cache @eslint/eslintrc@https://registry.npmjs.org/@eslint/eslintrc/-/eslintrc-3.1.0.tgz 0ms (cache hit)
344 http cache @eslint/core@https://registry.npmjs.org/@eslint/core/-/core-0.6.0.tgz 0ms (cache hit)
345 http cache @eslint/config-array@https://registry.npmjs.org/@eslint/config-array/-/config-array-0.18.0.tgz 0ms (cache hit)
346 http cache @esbuild/android-arm@https://registry.npmjs.org/@esbuild/android-arm/-/android-arm-0.21.5.tgz 0ms (cache hit)
347 http cache @alloc/quick-lru@https://registry.npmjs.org/@alloc/quick-lru/-/quick-lru-5.2.0.tgz 0ms (cache hit)
348 http cache yocto-queue@https://registry.npmjs.org/yocto-queue/-/yocto-queue-0.1.0.tgz 0ms (cache hit)
349 http cache yaml@https://registry.npmjs.org/yaml/-/yaml-2.5.1.tgz 0ms (cache hit)
350 http cache wrap-ansi-cjs@https://registry.npmjs.org/wrap-ansi/-/wrap-ansi-7.0.0.tgz 0ms (cache hit)
351 http cache wrap-ansi@https://registry.npmjs.org/wrap-ansi/-/wrap-ansi-8.1.0.tgz 0ms (cache hit)
352 http cache word-wrap@https://registry.npmjs.org/word-wrap/-/word-wrap-1.2.5.tgz 0ms (cache hit)
353 http cache which@https://registry.npmjs.org/which/-/which-2.0.2.tgz 0ms (cache hit)
354 http cache vite@https://registry.npmjs.org/vite/-/vite-5.4.8.tgz 0ms (cache hit)
355 http cache util-deprecate@https://registry.npmjs.org/util-deprecate/-/util-deprecate-1.0.2.tgz 0ms (cache hit)
356 http cache uri-js@https://registry.npmjs.org/uri-js/-/uri-js-4.4.1.tgz 0ms (cache hit)
357 http cache undici-types@https://registry.npmjs.org/undici-types/-/undici-types-7.8.0.tgz 0ms (cache hit)
358 http cache typescript-eslint@https://registry.npmjs.org/typescript-eslint/-/typescript-eslint-8.8.1.tgz 0ms (cache hit)
359 http cache typescript@https://registry.npmjs.org/typescript/-/typescript-5.6.3.tgz 0ms (cache hit)
360 http cache type-check@https://registry.npmjs.org/type-check/-/type-check-0.4.0.tgz 0ms (cache hit)
361 http cache ts-interface-checker@https://registry.npmjs.org/ts-interface-checker/-/ts-interface-checker-0.1.13.tgz 0ms (cache hit)
362 http cache ts-api-utils@https://registry.npmjs.org/ts-api-utils/-/ts-api-utils-1.3.0.tgz 0ms (cache hit)
363 http cache to-regex-range@https://registry.npmjs.org/to-regex-range/-/to-regex-range-5.0.1.tgz 0ms (cache hit)
364 http cache thenify@https://registry.npmjs.org/thenify/-/thenify-3.3.1.tgz 0ms (cache hit)
365 http cache thenify-all@https://registry.npmjs.org/thenify-all/-/thenify-all-1.6.0.tgz 0ms (cache hit)
366 http cache text-table@https://registry.npmjs.org/text-table/-/text-table-0.2.0.tgz 0ms (cache hit)
367 http cache tailwindcss@https://registry.npmjs.org/tailwindcss/-/tailwindcss-3.4.17.tgz 0ms (cache hit)
368 http cache sucrase@https://registry.npmjs.org/sucrase/-/sucrase-3.35.0.tgz 0ms (cache hit)
369 http cache supports-preserve-symlinks-flag@https://registry.npmjs.org/supports-preserve-symlinks-flag/-/supports-preserve-symlinks-flag-1.0.0.tgz 0ms (cache hit)
370 http cache strip-json-comments@https://registry.npmjs.org/strip-json-comments/-/strip-json-comments-3.1.1.tgz 0ms (cache hit)
371 http cache strip-ansi-cjs@https://registry.npmjs.org/strip-ansi/-/strip-ansi-6.0.1.tgz 0ms (cache hit)
372 http cache strip-ansi@https://registry.npmjs.org/strip-ansi/-/strip-ansi-7.1.0.tgz 0ms (cache hit)
373 http cache string-width-cjs@https://registry.npmjs.org/string-width/-/string-width-4.2.3.tgz 0ms (cache hit)
374 http cache string-width@https://registry.npmjs.org/string-width/-/string-width-5.1.2.tgz 0ms (cache hit)
375 http cache source-map-js@https://registry.npmjs.org/source-map-js/-/source-map-js-1.2.1.tgz 0ms (cache hit)
376 http cache signal-exit@https://registry.npmjs.org/signal-exit/-/signal-exit-4.1.0.tgz 0ms (cache hit)
377 http cache shebang-regex@https://registry.npmjs.org/shebang-regex/-/shebang-regex-3.0.0.tgz 0ms (cache hit)
378 http cache shebang-command@https://registry.npmjs.org/shebang-command/-/shebang-command-2.0.0.tgz 0ms (cache hit)
379 http cache run-parallel@https://registry.npmjs.org/run-parallel/-/run-parallel-1.2.0.tgz 0ms (cache hit)
380 http cache rollup@https://registry.npmjs.org/rollup/-/rollup-4.24.0.tgz 0ms (cache hit)
381 http cache reusify@https://registry.npmjs.org/reusify/-/reusify-1.0.4.tgz 0ms (cache hit)
382 http cache resolve-from@https://registry.npmjs.org/resolve-from/-/resolve-from-4.0.0.tgz 0ms (cache hit)
383 http cache resolve@https://registry.npmjs.org/resolve/-/resolve-1.22.8.tgz 0ms (cache hit)
384 http cache read-cache@https://registry.npmjs.org/read-cache/-/read-cache-1.0.0.tgz 0ms (cache hit)
385 http cache queue-microtask@https://registry.npmjs.org/queue-microtask/-/queue-microtask-1.2.3.tgz 0ms (cache hit)
386 http cache punycode@https://registry.npmjs.org/punycode/-/punycode-2.3.1.tgz 0ms (cache hit)
387 http cache prelude-ls@https://registry.npmjs.org/prelude-ls/-/prelude-ls-1.2.1.tgz 0ms (cache hit)
388 http cache postcss-value-parser@https://registry.npmjs.org/postcss-value-parser/-/postcss-value-parser-4.2.0.tgz 0ms (cache hit)
389 http cache postcss-selector-parser@https://registry.npmjs.org/postcss-selector-parser/-/postcss-selector-parser-6.1.2.tgz 0ms (cache hit)
390 http cache postcss-nested@https://registry.npmjs.org/postcss-nested/-/postcss-nested-6.2.0.tgz 0ms (cache hit)
391 http cache postcss-load-config@https://registry.npmjs.org/postcss-load-config/-/postcss-load-config-4.0.2.tgz 0ms (cache hit)
392 http cache postcss-js@https://registry.npmjs.org/postcss-js/-/postcss-js-4.0.1.tgz 0ms (cache hit)
393 http cache postcss-import@https://registry.npmjs.org/postcss-import/-/postcss-import-15.1.0.tgz 0ms (cache hit)
394 http cache postcss@https://registry.npmjs.org/postcss/-/postcss-8.4.47.tgz 0ms (cache hit)
395 http cache pirates@https://registry.npmjs.org/pirates/-/pirates-4.0.6.tgz 0ms (cache hit)
396 http cache pify@https://registry.npmjs.org/pify/-/pify-2.3.0.tgz 0ms (cache hit)
397 http cache picomatch@https://registry.npmjs.org/picomatch/-/picomatch-2.3.1.tgz 1ms (cache hit)
398 http cache picocolors@https://registry.npmjs.org/picocolors/-/picocolors-1.1.1.tgz 0ms (cache hit)
399 http cache path-scurry@https://registry.npmjs.org/path-scurry/-/path-scurry-1.11.1.tgz 0ms (cache hit)
400 http cache path-parse@https://registry.npmjs.org/path-parse/-/path-parse-1.0.7.tgz 0ms (cache hit)
401 http cache path-key@https://registry.npmjs.org/path-key/-/path-key-3.1.1.tgz 0ms (cache hit)
402 http cache path-exists@https://registry.npmjs.org/path-exists/-/path-exists-4.0.0.tgz 0ms (cache hit)
403 http cache parent-module@https://registry.npmjs.org/parent-module/-/parent-module-1.0.1.tgz 0ms (cache hit)
404 http cache package-json-from-dist@https://registry.npmjs.org/package-json-from-dist/-/package-json-from-dist-1.0.1.tgz 0ms (cache hit)
405 http cache p-locate@https://registry.npmjs.org/p-locate/-/p-locate-5.0.0.tgz 0ms (cache hit)
406 http cache p-limit@https://registry.npmjs.org/p-limit/-/p-limit-3.1.0.tgz 0ms (cache hit)
407 http cache optionator@https://registry.npmjs.org/optionator/-/optionator-0.9.4.tgz 0ms (cache hit)
408 http cache object-hash@https://registry.npmjs.org/object-hash/-/object-hash-3.0.0.tgz 0ms (cache hit)
409 http cache object-assign@https://registry.npmjs.org/object-assign/-/object-assign-4.1.1.tgz 0ms (cache hit)
410 http cache normalize-path@https://registry.npmjs.org/normalize-path/-/normalize-path-3.0.0.tgz 0ms (cache hit)
411 http cache natural-compare@https://registry.npmjs.org/natural-compare/-/natural-compare-1.4.0.tgz 0ms (cache hit)
412 http cache nanoid@https://registry.npmjs.org/nanoid/-/nanoid-3.3.7.tgz 0ms (cache hit)
413 http cache mz@https://registry.npmjs.org/mz/-/mz-2.7.0.tgz 0ms (cache hit)
414 http cache ms@https://registry.npmjs.org/ms/-/ms-2.1.3.tgz 0ms (cache hit)
415 http cache minipass@https://registry.npmjs.org/minipass/-/minipass-7.1.2.tgz 0ms (cache hit)
416 http cache minimatch@https://registry.npmjs.org/minimatch/-/minimatch-3.1.2.tgz 0ms (cache hit)
417 http cache micromatch@https://registry.npmjs.org/micromatch/-/micromatch-4.0.8.tgz 0ms (cache hit)
418 http cache merge2@https://registry.npmjs.org/merge2/-/merge2-1.4.1.tgz 0ms (cache hit)
419 http cache lodash.merge@https://registry.npmjs.org/lodash.merge/-/lodash.merge-4.6.2.tgz 0ms (cache hit)
420 http cache locate-path@https://registry.npmjs.org/locate-path/-/locate-path-6.0.0.tgz 0ms (cache hit)
421 http cache lilconfig@https://registry.npmjs.org/lilconfig/-/lilconfig-3.1.3.tgz 0ms (cache hit)
422 http cache lines-and-columns@https://registry.npmjs.org/lines-and-columns/-/lines-and-columns-1.2.4.tgz 0ms (cache hit)
423 http cache levn@https://registry.npmjs.org/levn/-/levn-0.4.1.tgz 0ms (cache hit)
424 http cache keyv@https://registry.npmjs.org/keyv/-/keyv-4.5.4.tgz 0ms (cache hit)
425 http cache json-stable-stringify-without-jsonify@https://registry.npmjs.org/json-stable-stringify-without-jsonify/-/json-stable-stringify-without-jsonify-1.0.1.tgz 0ms (cache hit)
426 http cache json-schema-traverse@https://registry.npmjs.org/json-schema-traverse/-/json-schema-traverse-0.4.1.tgz 0ms (cache hit)
427 http cache json-buffer@https://registry.npmjs.org/json-buffer/-/json-buffer-3.0.1.tgz 0ms (cache hit)
428 http cache js-yaml@https://registry.npmjs.org/js-yaml/-/js-yaml-4.1.0.tgz 0ms (cache hit)
429 http cache jiti@https://registry.npmjs.org/jiti/-/jiti-1.21.6.tgz 0ms (cache hit)
430 http cache readdirp@https://registry.npmjs.org/readdirp/-/readdirp-3.6.0.tgz 0ms (cache hit)
431 http cache jackspeak@https://registry.npmjs.org/jackspeak/-/jackspeak-3.4.3.tgz 0ms (cache hit)
432 http cache isexe@https://registry.npmjs.org/isexe/-/isexe-2.0.0.tgz 0ms (cache hit)
433 http cache is-glob@https://registry.npmjs.org/is-glob/-/is-glob-4.0.3.tgz 0ms (cache hit)
434 http cache is-fullwidth-code-point@https://registry.npmjs.org/is-fullwidth-code-point/-/is-fullwidth-code-point-3.0.0.tgz 0ms (cache hit)
435 http cache is-extglob@https://registry.npmjs.org/is-extglob/-/is-extglob-2.1.1.tgz 0ms (cache hit)
436 http cache is-core-module@https://registry.npmjs.org/is-core-module/-/is-core-module-2.15.1.tgz 0ms (cache hit)
437 http cache is-number@https://registry.npmjs.org/is-number/-/is-number-7.0.0.tgz 0ms (cache hit)
438 http cache is-binary-path@https://registry.npmjs.org/is-binary-path/-/is-binary-path-2.1.0.tgz 0ms (cache hit)
439 http cache import-fresh@https://registry.npmjs.org/import-fresh/-/import-fresh-3.3.0.tgz 0ms (cache hit)
440 http cache imurmurhash@https://registry.npmjs.org/imurmurhash/-/imurmurhash-0.1.4.tgz 0ms (cache hit)
441 http cache ignore@https://registry.npmjs.org/ignore/-/ignore-5.3.2.tgz 0ms (cache hit)
442 http cache graphemer@https://registry.npmjs.org/graphemer/-/graphemer-1.4.0.tgz 0ms (cache hit)
443 http cache hasown@https://registry.npmjs.org/hasown/-/hasown-2.0.2.tgz 0ms (cache hit)
444 http cache globals@https://registry.npmjs.org/globals/-/globals-15.11.0.tgz 0ms (cache hit)
445 http cache glob-parent@https://registry.npmjs.org/glob-parent/-/glob-parent-6.0.2.tgz 0ms (cache hit)
446 http cache glob@https://registry.npmjs.org/glob/-/glob-10.4.5.tgz 0ms (cache hit)
447 http cache function-bind@https://registry.npmjs.org/function-bind/-/function-bind-1.1.2.tgz 0ms (cache hit)
448 http cache foreground-child@https://registry.npmjs.org/foreground-child/-/foreground-child-3.3.0.tgz 0ms (cache hit)
449 http cache flatted@https://registry.npmjs.org/flatted/-/flatted-3.3.1.tgz 0ms (cache hit)
450 http cache flat-cache@https://registry.npmjs.org/flat-cache/-/flat-cache-4.0.1.tgz 0ms (cache hit)
451 http cache find-up@https://registry.npmjs.org/find-up/-/find-up-5.0.0.tgz 0ms (cache hit)
452 http cache fill-range@https://registry.npmjs.org/fill-range/-/fill-range-7.1.1.tgz 0ms (cache hit)
453 http cache file-entry-cache@https://registry.npmjs.org/file-entry-cache/-/file-entry-cache-8.0.0.tgz 0ms (cache hit)
454 http cache fastq@https://registry.npmjs.org/fastq/-/fastq-1.17.1.tgz 0ms (cache hit)
455 http cache fast-levenshtein@https://registry.npmjs.org/fast-levenshtein/-/fast-levenshtein-2.0.6.tgz 0ms (cache hit)
456 http cache fast-json-stable-stringify@https://registry.npmjs.org/fast-json-stable-stringify/-/fast-json-stable-stringify-2.1.0.tgz 0ms (cache hit)
457 http cache fast-glob@https://registry.npmjs.org/fast-glob/-/fast-glob-3.3.2.tgz 0ms (cache hit)
458 http cache fast-deep-equal@https://registry.npmjs.org/fast-deep-equal/-/fast-deep-equal-3.1.3.tgz 0ms (cache hit)
459 http cache esutils@https://registry.npmjs.org/esutils/-/esutils-2.0.3.tgz 0ms (cache hit)
460 http cache estraverse@https://registry.npmjs.org/estraverse/-/estraverse-5.3.0.tgz 0ms (cache hit)
461 http cache esrecurse@https://registry.npmjs.org/esrecurse/-/esrecurse-4.3.0.tgz 0ms (cache hit)
462 http cache esquery@https://registry.npmjs.org/esquery/-/esquery-1.6.0.tgz 0ms (cache hit)
463 http cache espree@https://registry.npmjs.org/espree/-/espree-10.2.0.tgz 0ms (cache hit)
464 http cache eslint-visitor-keys@https://registry.npmjs.org/eslint-visitor-keys/-/eslint-visitor-keys-4.1.0.tgz 0ms (cache hit)
465 http cache eslint-scope@https://registry.npmjs.org/eslint-scope/-/eslint-scope-8.1.0.tgz 0ms (cache hit)
466 http cache eslint@https://registry.npmjs.org/eslint/-/eslint-9.12.0.tgz 0ms (cache hit)
467 http cache esbuild@https://registry.npmjs.org/esbuild/-/esbuild-0.21.5.tgz 0ms (cache hit)
468 http cache emoji-regex@https://registry.npmjs.org/emoji-regex/-/emoji-regex-9.2.2.tgz 0ms (cache hit)
469 http cache eastasianwidth@https://registry.npmjs.org/eastasianwidth/-/eastasianwidth-0.2.0.tgz 0ms (cache hit)
470 http cache dlv@https://registry.npmjs.org/dlv/-/dlv-1.1.3.tgz 0ms (cache hit)
471 http cache didyoumean@https://registry.npmjs.org/didyoumean/-/didyoumean-1.2.2.tgz 0ms (cache hit)
472 http cache deep-is@https://registry.npmjs.org/deep-is/-/deep-is-0.1.4.tgz 0ms (cache hit)
473 http cache debug@https://registry.npmjs.org/debug/-/debug-4.4.1.tgz 0ms (cache hit)
474 http cache cssesc@https://registry.npmjs.org/cssesc/-/cssesc-3.0.0.tgz 0ms (cache hit)
475 http cache cross-spawn@https://registry.npmjs.org/cross-spawn/-/cross-spawn-7.0.3.tgz 0ms (cache hit)
476 http cache concat-map@https://registry.npmjs.org/concat-map/-/concat-map-0.0.1.tgz 0ms (cache hit)
477 http cache commander@https://registry.npmjs.org/commander/-/commander-4.1.1.tgz 0ms (cache hit)
478 http cache chokidar@https://registry.npmjs.org/chokidar/-/chokidar-3.6.0.tgz 0ms (cache hit)
479 http cache camelcase-css@https://registry.npmjs.org/camelcase-css/-/camelcase-css-2.0.1.tgz 0ms (cache hit)
480 http cache callsites@https://registry.npmjs.org/callsites/-/callsites-3.1.0.tgz 0ms (cache hit)
481 http cache braces@https://registry.npmjs.org/braces/-/braces-3.0.3.tgz 0ms (cache hit)
482 http cache brace-expansion@https://registry.npmjs.org/brace-expansion/-/brace-expansion-1.1.11.tgz 1ms (cache hit)
483 http cache binary-extensions@https://registry.npmjs.org/binary-extensions/-/binary-extensions-2.3.0.tgz 0ms (cache hit)
484 http cache balanced-match@https://registry.npmjs.org/balanced-match/-/balanced-match-1.0.2.tgz 0ms (cache hit)
485 http cache argparse@https://registry.npmjs.org/argparse/-/argparse-2.0.1.tgz 0ms (cache hit)
486 http cache arg@https://registry.npmjs.org/arg/-/arg-5.0.2.tgz 0ms (cache hit)
487 http cache anymatch@https://registry.npmjs.org/anymatch/-/anymatch-3.1.3.tgz 0ms (cache hit)
488 http cache any-promise@https://registry.npmjs.org/any-promise/-/any-promise-1.3.0.tgz 0ms (cache hit)
489 http cache ansi-regex@https://registry.npmjs.org/ansi-regex/-/ansi-regex-6.1.0.tgz 0ms (cache hit)
490 http cache ajv@https://registry.npmjs.org/ajv/-/ajv-6.12.6.tgz 0ms (cache hit)
491 http cache acorn@https://registry.npmjs.org/acorn/-/acorn-8.12.1.tgz 0ms (cache hit)
492 http cache acorn-jsx@https://registry.npmjs.org/acorn-jsx/-/acorn-jsx-5.3.2.tgz 0ms (cache hit)
493 http cache eslint-visitor-keys@https://registry.npmjs.org/eslint-visitor-keys/-/eslint-visitor-keys-3.4.3.tgz 1ms (cache hit)
494 http cache semver@https://registry.npmjs.org/semver/-/semver-7.6.3.tgz 0ms (cache hit)
495 http cache minimatch@https://registry.npmjs.org/minimatch/-/minimatch-9.0.5.tgz 0ms (cache hit)
496 http cache eslint-visitor-keys@https://registry.npmjs.org/eslint-visitor-keys/-/eslint-visitor-keys-3.4.3.tgz 0ms (cache hit)
497 http cache globals@https://registry.npmjs.org/globals/-/globals-14.0.0.tgz 0ms (cache hit)
498 http cache brace-expansion@https://registry.npmjs.org/brace-expansion/-/brace-expansion-2.0.1.tgz 0ms (cache hit)
499 http cache string-width@https://registry.npmjs.org/string-width/-/string-width-4.2.3.tgz 0ms (cache hit)
500 http cache emoji-regex@https://registry.npmjs.org/emoji-regex/-/emoji-regex-8.0.0.tgz 0ms (cache hit)
501 http cache color-name@https://registry.npmjs.org/color-name/-/color-name-1.1.4.tgz 0ms (cache hit)
502 http cache color-convert@https://registry.npmjs.org/color-convert/-/color-convert-2.0.1.tgz 0ms (cache hit)
503 http cache strip-ansi@https://registry.npmjs.org/strip-ansi/-/strip-ansi-6.0.1.tgz 0ms (cache hit)
504 http cache ansi-styles@https://registry.npmjs.org/ansi-styles/-/ansi-styles-4.3.0.tgz 0ms (cache hit)
505 http cache ansi-styles@https://registry.npmjs.org/ansi-styles/-/ansi-styles-6.2.1.tgz 0ms (cache hit)
506 http cache ansi-regex@https://registry.npmjs.org/ansi-regex/-/ansi-regex-5.0.1.tgz 0ms (cache hit)
507 http cache strip-ansi@https://registry.npmjs.org/strip-ansi/-/strip-ansi-6.0.1.tgz 1ms (cache hit)
508 http cache ansi-regex@https://registry.npmjs.org/ansi-regex/-/ansi-regex-5.0.1.tgz 0ms (cache hit)
509 http cache emoji-regex@https://registry.npmjs.org/emoji-regex/-/emoji-regex-8.0.0.tgz 0ms (cache hit)
510 http cache ansi-regex@https://registry.npmjs.org/ansi-regex/-/ansi-regex-5.0.1.tgz 0ms (cache hit)
511 http cache lru-cache@https://registry.npmjs.org/lru-cache/-/lru-cache-10.4.3.tgz 0ms (cache hit)
512 http cache brace-expansion@https://registry.npmjs.org/brace-expansion/-/brace-expansion-2.0.1.tgz 1ms (cache hit)
513 http cache minimatch@https://registry.npmjs.org/minimatch/-/minimatch-9.0.5.tgz 0ms (cache hit)
514 http cache glob-parent@https://registry.npmjs.org/glob-parent/-/glob-parent-5.1.2.tgz 0ms (cache hit)
515 http cache escape-string-regexp@https://registry.npmjs.org/escape-string-regexp/-/escape-string-regexp-4.0.0.tgz 0ms (cache hit)
516 http cache color-name@https://registry.npmjs.org/color-name/-/color-name-1.1.4.tgz 0ms (cache hit)
517 http cache ansi-styles@https://registry.npmjs.org/ansi-styles/-/ansi-styles-4.3.0.tgz 0ms (cache hit)
518 http cache color-convert@https://registry.npmjs.org/color-convert/-/color-convert-2.0.1.tgz 0ms (cache hit)
519 http cache chalk@https://registry.npmjs.org/chalk/-/chalk-4.1.2.tgz 0ms (cache hit)
520 http cache glob-parent@https://registry.npmjs.org/glob-parent/-/glob-parent-5.1.2.tgz 0ms (cache hit)
521 http cache supports-color@https://registry.npmjs.org/supports-color/-/supports-color-7.2.0.tgz 0ms (cache hit)
522 http cache has-flag@https://registry.npmjs.org/has-flag/-/has-flag-4.0.0.tgz 0ms (cache hit)
523 silly tarball no local data for @typescript-eslint/visitor-keys@https://registry.npmjs.org/@typescript-eslint/visitor-keys/-/visitor-keys-8.8.1.tgz. Extracting by manifest.
524 silly tarball no local data for @typescript-eslint/utils@https://registry.npmjs.org/@typescript-eslint/utils/-/utils-8.8.1.tgz. Extracting by manifest.
525 silly tarball no local data for @typescript-eslint/typescript-estree@https://registry.npmjs.org/@typescript-eslint/typescript-estree/-/typescript-estree-8.8.1.tgz. Extracting by manifest.
526 silly tarball no local data for @typescript-eslint/types@https://registry.npmjs.org/@typescript-eslint/types/-/types-8.8.1.tgz. Extracting by manifest.
527 silly tarball no local data for @typescript-eslint/type-utils@https://registry.npmjs.org/@typescript-eslint/type-utils/-/type-utils-8.8.1.tgz. Extracting by manifest.
528 silly tarball no local data for @typescript-eslint/scope-manager@https://registry.npmjs.org/@typescript-eslint/scope-manager/-/scope-manager-8.8.1.tgz. Extracting by manifest.
529 silly tarball no local data for @typescript-eslint/parser@https://registry.npmjs.org/@typescript-eslint/parser/-/parser-8.8.1.tgz. Extracting by manifest.
530 silly tarball no local data for @typescript-eslint/eslint-plugin@https://registry.npmjs.org/@typescript-eslint/eslint-plugin/-/eslint-plugin-8.8.1.tgz. Extracting by manifest.
531 silly tarball no local data for @types/node@https://registry.npmjs.org/@types/node/-/node-24.1.0.tgz. Extracting by manifest.
532 silly tarball no local data for @types/json-schema@https://registry.npmjs.org/@types/json-schema/-/json-schema-7.0.15.tgz. Extracting by manifest.
533 silly tarball no local data for @rollup/rollup-android-arm-eabi@https://registry.npmjs.org/@rollup/rollup-android-arm-eabi/-/rollup-android-arm-eabi-4.24.0.tgz. Extracting by manifest.
534 silly tarball no local data for @pkgjs/parseargs@https://registry.npmjs.org/@pkgjs/parseargs/-/parseargs-0.11.0.tgz. Extracting by manifest.
535 silly tarball no local data for @types/estree@https://registry.npmjs.org/@types/estree/-/estree-1.0.6.tgz. Extracting by manifest.
536 silly tarball no local data for @nodelib/fs.stat@https://registry.npmjs.org/@nodelib/fs.stat/-/fs.stat-2.0.5.tgz. Extracting by manifest.
537 silly tarball no local data for @nodelib/fs.scandir@https://registry.npmjs.org/@nodelib/fs.scandir/-/fs.scandir-2.1.5.tgz. Extracting by manifest.
538 silly tarball no local data for @jridgewell/trace-mapping@https://registry.npmjs.org/@jridgewell/trace-mapping/-/trace-mapping-0.3.25.tgz. Extracting by manifest.
539 silly tarball no local data for @jridgewell/sourcemap-codec@https://registry.npmjs.org/@jridgewell/sourcemap-codec/-/sourcemap-codec-1.5.0.tgz. Extracting by manifest.
540 silly tarball no local data for @jridgewell/set-array@https://registry.npmjs.org/@jridgewell/set-array/-/set-array-1.2.1.tgz. Extracting by manifest.
541 silly tarball no local data for @nodelib/fs.walk@https://registry.npmjs.org/@nodelib/fs.walk/-/fs.walk-1.2.8.tgz. Extracting by manifest.
542 silly tarball no local data for @jridgewell/resolve-uri@https://registry.npmjs.org/@jridgewell/resolve-uri/-/resolve-uri-3.1.2.tgz. Extracting by manifest.
543 silly tarball no local data for @jridgewell/gen-mapping@https://registry.npmjs.org/@jridgewell/gen-mapping/-/gen-mapping-0.3.5.tgz. Extracting by manifest.
544 silly tarball no local data for @isaacs/cliui@https://registry.npmjs.org/@isaacs/cliui/-/cliui-8.0.2.tgz. Extracting by manifest.
545 silly tarball no local data for @humanwhocodes/retry@https://registry.npmjs.org/@humanwhocodes/retry/-/retry-0.3.1.tgz. Extracting by manifest.
546 silly tarball no local data for @humanwhocodes/module-importer@https://registry.npmjs.org/@humanwhocodes/module-importer/-/module-importer-1.0.1.tgz. Extracting by manifest.
547 silly tarball no local data for @humanfs/core@https://registry.npmjs.org/@humanfs/core/-/core-0.19.0.tgz. Extracting by manifest.
548 silly tarball no local data for @humanfs/node@https://registry.npmjs.org/@humanfs/node/-/node-0.16.5.tgz. Extracting by manifest.
549 silly tarball no local data for @eslint-community/regexpp@https://registry.npmjs.org/@eslint-community/regexpp/-/regexpp-4.11.1.tgz. Extracting by manifest.
550 silly tarball no local data for @eslint-community/eslint-utils@https://registry.npmjs.org/@eslint-community/eslint-utils/-/eslint-utils-4.4.0.tgz. Extracting by manifest.
551 silly tarball no local data for @eslint/plugin-kit@https://registry.npmjs.org/@eslint/plugin-kit/-/plugin-kit-0.2.0.tgz. Extracting by manifest.
552 silly tarball no local data for @eslint/object-schema@https://registry.npmjs.org/@eslint/object-schema/-/object-schema-2.1.4.tgz. Extracting by manifest.
553 silly tarball no local data for @eslint/js@https://registry.npmjs.org/@eslint/js/-/js-9.12.0.tgz. Extracting by manifest.
554 silly tarball no local data for @eslint/eslintrc@https://registry.npmjs.org/@eslint/eslintrc/-/eslintrc-3.1.0.tgz. Extracting by manifest.
555 silly tarball no local data for @eslint/core@https://registry.npmjs.org/@eslint/core/-/core-0.6.0.tgz. Extracting by manifest.
556 silly tarball no local data for @eslint/config-array@https://registry.npmjs.org/@eslint/config-array/-/config-array-0.18.0.tgz. Extracting by manifest.
557 silly tarball no local data for @esbuild/android-arm@https://registry.npmjs.org/@esbuild/android-arm/-/android-arm-0.21.5.tgz. Extracting by manifest.
558 silly tarball no local data for @alloc/quick-lru@https://registry.npmjs.org/@alloc/quick-lru/-/quick-lru-5.2.0.tgz. Extracting by manifest.
559 silly tarball no local data for yocto-queue@https://registry.npmjs.org/yocto-queue/-/yocto-queue-0.1.0.tgz. Extracting by manifest.
560 silly tarball no local data for yaml@https://registry.npmjs.org/yaml/-/yaml-2.5.1.tgz. Extracting by manifest.
561 silly tarball no local data for wrap-ansi-cjs@https://registry.npmjs.org/wrap-ansi/-/wrap-ansi-7.0.0.tgz. Extracting by manifest.
562 silly tarball no local data for wrap-ansi@https://registry.npmjs.org/wrap-ansi/-/wrap-ansi-8.1.0.tgz. Extracting by manifest.
563 silly tarball no local data for word-wrap@https://registry.npmjs.org/word-wrap/-/word-wrap-1.2.5.tgz. Extracting by manifest.
564 silly tarball no local data for which@https://registry.npmjs.org/which/-/which-2.0.2.tgz. Extracting by manifest.
565 silly tarball no local data for vite@https://registry.npmjs.org/vite/-/vite-5.4.8.tgz. Extracting by manifest.
566 silly tarball no local data for util-deprecate@https://registry.npmjs.org/util-deprecate/-/util-deprecate-1.0.2.tgz. Extracting by manifest.
567 silly tarball no local data for uri-js@https://registry.npmjs.org/uri-js/-/uri-js-4.4.1.tgz. Extracting by manifest.
568 silly tarball no local data for undici-types@https://registry.npmjs.org/undici-types/-/undici-types-7.8.0.tgz. Extracting by manifest.
569 silly tarball no local data for typescript-eslint@https://registry.npmjs.org/typescript-eslint/-/typescript-eslint-8.8.1.tgz. Extracting by manifest.
570 silly tarball no local data for typescript@https://registry.npmjs.org/typescript/-/typescript-5.6.3.tgz. Extracting by manifest.
571 silly tarball no local data for type-check@https://registry.npmjs.org/type-check/-/type-check-0.4.0.tgz. Extracting by manifest.
572 silly tarball no local data for ts-interface-checker@https://registry.npmjs.org/ts-interface-checker/-/ts-interface-checker-0.1.13.tgz. Extracting by manifest.
573 silly tarball no local data for ts-api-utils@https://registry.npmjs.org/ts-api-utils/-/ts-api-utils-1.3.0.tgz. Extracting by manifest.
574 silly tarball no local data for to-regex-range@https://registry.npmjs.org/to-regex-range/-/to-regex-range-5.0.1.tgz. Extracting by manifest.
575 silly tarball no local data for thenify@https://registry.npmjs.org/thenify/-/thenify-3.3.1.tgz. Extracting by manifest.
576 silly tarball no local data for thenify-all@https://registry.npmjs.org/thenify-all/-/thenify-all-1.6.0.tgz. Extracting by manifest.
577 silly tarball no local data for text-table@https://registry.npmjs.org/text-table/-/text-table-0.2.0.tgz. Extracting by manifest.
578 silly tarball no local data for tailwindcss@https://registry.npmjs.org/tailwindcss/-/tailwindcss-3.4.17.tgz. Extracting by manifest.
579 silly tarball no local data for sucrase@https://registry.npmjs.org/sucrase/-/sucrase-3.35.0.tgz. Extracting by manifest.
580 silly tarball no local data for supports-preserve-symlinks-flag@https://registry.npmjs.org/supports-preserve-symlinks-flag/-/supports-preserve-symlinks-flag-1.0.0.tgz. Extracting by manifest.
581 silly tarball no local data for strip-json-comments@https://registry.npmjs.org/strip-json-comments/-/strip-json-comments-3.1.1.tgz. Extracting by manifest.
582 silly tarball no local data for strip-ansi-cjs@https://registry.npmjs.org/strip-ansi/-/strip-ansi-6.0.1.tgz. Extracting by manifest.
583 silly tarball no local data for strip-ansi@https://registry.npmjs.org/strip-ansi/-/strip-ansi-7.1.0.tgz. Extracting by manifest.
584 silly tarball no local data for string-width-cjs@https://registry.npmjs.org/string-width/-/string-width-4.2.3.tgz. Extracting by manifest.
585 silly tarball no local data for string-width@https://registry.npmjs.org/string-width/-/string-width-5.1.2.tgz. Extracting by manifest.
586 silly tarball no local data for source-map-js@https://registry.npmjs.org/source-map-js/-/source-map-js-1.2.1.tgz. Extracting by manifest.
587 silly tarball no local data for signal-exit@https://registry.npmjs.org/signal-exit/-/signal-exit-4.1.0.tgz. Extracting by manifest.
588 silly tarball no local data for shebang-regex@https://registry.npmjs.org/shebang-regex/-/shebang-regex-3.0.0.tgz. Extracting by manifest.
589 silly tarball no local data for shebang-command@https://registry.npmjs.org/shebang-command/-/shebang-command-2.0.0.tgz. Extracting by manifest.
590 silly tarball no local data for run-parallel@https://registry.npmjs.org/run-parallel/-/run-parallel-1.2.0.tgz. Extracting by manifest.
591 silly tarball no local data for rollup@https://registry.npmjs.org/rollup/-/rollup-4.24.0.tgz. Extracting by manifest.
592 silly tarball no local data for reusify@https://registry.npmjs.org/reusify/-/reusify-1.0.4.tgz. Extracting by manifest.
593 silly tarball no local data for resolve-from@https://registry.npmjs.org/resolve-from/-/resolve-from-4.0.0.tgz. Extracting by manifest.
594 silly tarball no local data for resolve@https://registry.npmjs.org/resolve/-/resolve-1.22.8.tgz. Extracting by manifest.
595 silly tarball no local data for read-cache@https://registry.npmjs.org/read-cache/-/read-cache-1.0.0.tgz. Extracting by manifest.
596 silly tarball no local data for queue-microtask@https://registry.npmjs.org/queue-microtask/-/queue-microtask-1.2.3.tgz. Extracting by manifest.
597 silly tarball no local data for punycode@https://registry.npmjs.org/punycode/-/punycode-2.3.1.tgz. Extracting by manifest.
598 silly tarball no local data for prelude-ls@https://registry.npmjs.org/prelude-ls/-/prelude-ls-1.2.1.tgz. Extracting by manifest.
599 silly tarball no local data for postcss-value-parser@https://registry.npmjs.org/postcss-value-parser/-/postcss-value-parser-4.2.0.tgz. Extracting by manifest.
600 silly tarball no local data for postcss-selector-parser@https://registry.npmjs.org/postcss-selector-parser/-/postcss-selector-parser-6.1.2.tgz. Extracting by manifest.
601 silly tarball no local data for postcss-nested@https://registry.npmjs.org/postcss-nested/-/postcss-nested-6.2.0.tgz. Extracting by manifest.
602 silly tarball no local data for postcss-load-config@https://registry.npmjs.org/postcss-load-config/-/postcss-load-config-4.0.2.tgz. Extracting by manifest.
603 silly tarball no local data for postcss-js@https://registry.npmjs.org/postcss-js/-/postcss-js-4.0.1.tgz. Extracting by manifest.
604 silly tarball no local data for postcss-import@https://registry.npmjs.org/postcss-import/-/postcss-import-15.1.0.tgz. Extracting by manifest.
605 silly tarball no local data for postcss@https://registry.npmjs.org/postcss/-/postcss-8.4.47.tgz. Extracting by manifest.
606 silly tarball no local data for pirates@https://registry.npmjs.org/pirates/-/pirates-4.0.6.tgz. Extracting by manifest.
607 silly tarball no local data for pify@https://registry.npmjs.org/pify/-/pify-2.3.0.tgz. Extracting by manifest.
608 silly tarball no local data for picomatch@https://registry.npmjs.org/picomatch/-/picomatch-2.3.1.tgz. Extracting by manifest.
609 silly tarball no local data for picocolors@https://registry.npmjs.org/picocolors/-/picocolors-1.1.1.tgz. Extracting by manifest.
610 silly tarball no local data for path-scurry@https://registry.npmjs.org/path-scurry/-/path-scurry-1.11.1.tgz. Extracting by manifest.
611 silly tarball no local data for path-parse@https://registry.npmjs.org/path-parse/-/path-parse-1.0.7.tgz. Extracting by manifest.
612 silly tarball no local data for path-key@https://registry.npmjs.org/path-key/-/path-key-3.1.1.tgz. Extracting by manifest.
613 silly tarball no local data for path-exists@https://registry.npmjs.org/path-exists/-/path-exists-4.0.0.tgz. Extracting by manifest.
614 silly tarball no local data for parent-module@https://registry.npmjs.org/parent-module/-/parent-module-1.0.1.tgz. Extracting by manifest.
615 silly tarball no local data for package-json-from-dist@https://registry.npmjs.org/package-json-from-dist/-/package-json-from-dist-1.0.1.tgz. Extracting by manifest.
616 silly tarball no local data for p-locate@https://registry.npmjs.org/p-locate/-/p-locate-5.0.0.tgz. Extracting by manifest.
617 silly tarball no local data for p-limit@https://registry.npmjs.org/p-limit/-/p-limit-3.1.0.tgz. Extracting by manifest.
618 silly tarball no local data for optionator@https://registry.npmjs.org/optionator/-/optionator-0.9.4.tgz. Extracting by manifest.
619 silly tarball no local data for object-hash@https://registry.npmjs.org/object-hash/-/object-hash-3.0.0.tgz. Extracting by manifest.
620 silly tarball no local data for object-assign@https://registry.npmjs.org/object-assign/-/object-assign-4.1.1.tgz. Extracting by manifest.
621 silly tarball no local data for normalize-path@https://registry.npmjs.org/normalize-path/-/normalize-path-3.0.0.tgz. Extracting by manifest.
622 silly tarball no local data for natural-compare@https://registry.npmjs.org/natural-compare/-/natural-compare-1.4.0.tgz. Extracting by manifest.
623 silly tarball no local data for nanoid@https://registry.npmjs.org/nanoid/-/nanoid-3.3.7.tgz. Extracting by manifest.
624 silly tarball no local data for mz@https://registry.npmjs.org/mz/-/mz-2.7.0.tgz. Extracting by manifest.
625 silly tarball no local data for ms@https://registry.npmjs.org/ms/-/ms-2.1.3.tgz. Extracting by manifest.
626 silly tarball no local data for minipass@https://registry.npmjs.org/minipass/-/minipass-7.1.2.tgz. Extracting by manifest.
627 silly tarball no local data for minimatch@https://registry.npmjs.org/minimatch/-/minimatch-3.1.2.tgz. Extracting by manifest.
628 silly tarball no local data for micromatch@https://registry.npmjs.org/micromatch/-/micromatch-4.0.8.tgz. Extracting by manifest.
629 silly tarball no local data for merge2@https://registry.npmjs.org/merge2/-/merge2-1.4.1.tgz. Extracting by manifest.
630 silly tarball no local data for lodash.merge@https://registry.npmjs.org/lodash.merge/-/lodash.merge-4.6.2.tgz. Extracting by manifest.
631 silly tarball no local data for locate-path@https://registry.npmjs.org/locate-path/-/locate-path-6.0.0.tgz. Extracting by manifest.
632 silly tarball no local data for lilconfig@https://registry.npmjs.org/lilconfig/-/lilconfig-3.1.3.tgz. Extracting by manifest.
633 silly tarball no local data for lines-and-columns@https://registry.npmjs.org/lines-and-columns/-/lines-and-columns-1.2.4.tgz. Extracting by manifest.
634 silly tarball no local data for levn@https://registry.npmjs.org/levn/-/levn-0.4.1.tgz. Extracting by manifest.
635 silly tarball no local data for keyv@https://registry.npmjs.org/keyv/-/keyv-4.5.4.tgz. Extracting by manifest.
636 silly tarball no local data for json-stable-stringify-without-jsonify@https://registry.npmjs.org/json-stable-stringify-without-jsonify/-/json-stable-stringify-without-jsonify-1.0.1.tgz. Extracting by manifest.
637 silly tarball no local data for json-schema-traverse@https://registry.npmjs.org/json-schema-traverse/-/json-schema-traverse-0.4.1.tgz. Extracting by manifest.
638 silly tarball no local data for json-buffer@https://registry.npmjs.org/json-buffer/-/json-buffer-3.0.1.tgz. Extracting by manifest.
639 silly tarball no local data for js-yaml@https://registry.npmjs.org/js-yaml/-/js-yaml-4.1.0.tgz. Extracting by manifest.
640 silly tarball no local data for jiti@https://registry.npmjs.org/jiti/-/jiti-1.21.6.tgz. Extracting by manifest.
641 silly tarball no local data for readdirp@https://registry.npmjs.org/readdirp/-/readdirp-3.6.0.tgz. Extracting by manifest.
642 silly tarball no local data for jackspeak@https://registry.npmjs.org/jackspeak/-/jackspeak-3.4.3.tgz. Extracting by manifest.
643 silly tarball no local data for isexe@https://registry.npmjs.org/isexe/-/isexe-2.0.0.tgz. Extracting by manifest.
644 silly tarball no local data for is-glob@https://registry.npmjs.org/is-glob/-/is-glob-4.0.3.tgz. Extracting by manifest.
645 silly tarball no local data for is-fullwidth-code-point@https://registry.npmjs.org/is-fullwidth-code-point/-/is-fullwidth-code-point-3.0.0.tgz. Extracting by manifest.
646 silly tarball no local data for is-extglob@https://registry.npmjs.org/is-extglob/-/is-extglob-2.1.1.tgz. Extracting by manifest.
647 silly tarball no local data for is-core-module@https://registry.npmjs.org/is-core-module/-/is-core-module-2.15.1.tgz. Extracting by manifest.
648 silly tarball no local data for is-number@https://registry.npmjs.org/is-number/-/is-number-7.0.0.tgz. Extracting by manifest.
649 silly tarball no local data for is-binary-path@https://registry.npmjs.org/is-binary-path/-/is-binary-path-2.1.0.tgz. Extracting by manifest.
650 silly tarball no local data for import-fresh@https://registry.npmjs.org/import-fresh/-/import-fresh-3.3.0.tgz. Extracting by manifest.
651 silly tarball no local data for imurmurhash@https://registry.npmjs.org/imurmurhash/-/imurmurhash-0.1.4.tgz. Extracting by manifest.
652 silly tarball no local data for ignore@https://registry.npmjs.org/ignore/-/ignore-5.3.2.tgz. Extracting by manifest.
653 silly tarball no local data for graphemer@https://registry.npmjs.org/graphemer/-/graphemer-1.4.0.tgz. Extracting by manifest.
654 silly tarball no local data for hasown@https://registry.npmjs.org/hasown/-/hasown-2.0.2.tgz. Extracting by manifest.
655 silly tarball no local data for globals@https://registry.npmjs.org/globals/-/globals-15.11.0.tgz. Extracting by manifest.
656 silly tarball no local data for glob-parent@https://registry.npmjs.org/glob-parent/-/glob-parent-6.0.2.tgz. Extracting by manifest.
657 silly tarball no local data for glob@https://registry.npmjs.org/glob/-/glob-10.4.5.tgz. Extracting by manifest.
658 silly tarball no local data for function-bind@https://registry.npmjs.org/function-bind/-/function-bind-1.1.2.tgz. Extracting by manifest.
659 silly tarball no local data for foreground-child@https://registry.npmjs.org/foreground-child/-/foreground-child-3.3.0.tgz. Extracting by manifest.
660 silly tarball no local data for flatted@https://registry.npmjs.org/flatted/-/flatted-3.3.1.tgz. Extracting by manifest.
661 silly tarball no local data for flat-cache@https://registry.npmjs.org/flat-cache/-/flat-cache-4.0.1.tgz. Extracting by manifest.
662 silly tarball no local data for find-up@https://registry.npmjs.org/find-up/-/find-up-5.0.0.tgz. Extracting by manifest.
663 silly tarball no local data for fill-range@https://registry.npmjs.org/fill-range/-/fill-range-7.1.1.tgz. Extracting by manifest.
664 silly tarball no local data for file-entry-cache@https://registry.npmjs.org/file-entry-cache/-/file-entry-cache-8.0.0.tgz. Extracting by manifest.
665 silly tarball no local data for fastq@https://registry.npmjs.org/fastq/-/fastq-1.17.1.tgz. Extracting by manifest.
666 silly tarball no local data for fast-levenshtein@https://registry.npmjs.org/fast-levenshtein/-/fast-levenshtein-2.0.6.tgz. Extracting by manifest.
667 silly tarball no local data for fast-json-stable-stringify@https://registry.npmjs.org/fast-json-stable-stringify/-/fast-json-stable-stringify-2.1.0.tgz. Extracting by manifest.
668 silly tarball no local data for fast-glob@https://registry.npmjs.org/fast-glob/-/fast-glob-3.3.2.tgz. Extracting by manifest.
669 silly tarball no local data for fast-deep-equal@https://registry.npmjs.org/fast-deep-equal/-/fast-deep-equal-3.1.3.tgz. Extracting by manifest.
670 silly tarball no local data for esutils@https://registry.npmjs.org/esutils/-/esutils-2.0.3.tgz. Extracting by manifest.
671 silly tarball no local data for estraverse@https://registry.npmjs.org/estraverse/-/estraverse-5.3.0.tgz. Extracting by manifest.
672 silly tarball no local data for esrecurse@https://registry.npmjs.org/esrecurse/-/esrecurse-4.3.0.tgz. Extracting by manifest.
673 silly tarball no local data for esquery@https://registry.npmjs.org/esquery/-/esquery-1.6.0.tgz. Extracting by manifest.
674 silly tarball no local data for espree@https://registry.npmjs.org/espree/-/espree-10.2.0.tgz. Extracting by manifest.
675 silly tarball no local data for eslint-visitor-keys@https://registry.npmjs.org/eslint-visitor-keys/-/eslint-visitor-keys-4.1.0.tgz. Extracting by manifest.
676 silly tarball no local data for eslint-scope@https://registry.npmjs.org/eslint-scope/-/eslint-scope-8.1.0.tgz. Extracting by manifest.
677 silly tarball no local data for eslint@https://registry.npmjs.org/eslint/-/eslint-9.12.0.tgz. Extracting by manifest.
678 silly tarball no local data for esbuild@https://registry.npmjs.org/esbuild/-/esbuild-0.21.5.tgz. Extracting by manifest.
679 silly tarball no local data for emoji-regex@https://registry.npmjs.org/emoji-regex/-/emoji-regex-9.2.2.tgz. Extracting by manifest.
680 silly tarball no local data for eastasianwidth@https://registry.npmjs.org/eastasianwidth/-/eastasianwidth-0.2.0.tgz. Extracting by manifest.
681 silly tarball no local data for dlv@https://registry.npmjs.org/dlv/-/dlv-1.1.3.tgz. Extracting by manifest.
682 silly tarball no local data for didyoumean@https://registry.npmjs.org/didyoumean/-/didyoumean-1.2.2.tgz. Extracting by manifest.
683 silly tarball no local data for deep-is@https://registry.npmjs.org/deep-is/-/deep-is-0.1.4.tgz. Extracting by manifest.
684 silly tarball no local data for debug@https://registry.npmjs.org/debug/-/debug-4.4.1.tgz. Extracting by manifest.
685 silly tarball no local data for cssesc@https://registry.npmjs.org/cssesc/-/cssesc-3.0.0.tgz. Extracting by manifest.
686 silly tarball no local data for cross-spawn@https://registry.npmjs.org/cross-spawn/-/cross-spawn-7.0.3.tgz. Extracting by manifest.
687 silly tarball no local data for concat-map@https://registry.npmjs.org/concat-map/-/concat-map-0.0.1.tgz. Extracting by manifest.
688 silly tarball no local data for commander@https://registry.npmjs.org/commander/-/commander-4.1.1.tgz. Extracting by manifest.
689 silly tarball no local data for chokidar@https://registry.npmjs.org/chokidar/-/chokidar-3.6.0.tgz. Extracting by manifest.
690 silly tarball no local data for camelcase-css@https://registry.npmjs.org/camelcase-css/-/camelcase-css-2.0.1.tgz. Extracting by manifest.
691 silly tarball no local data for callsites@https://registry.npmjs.org/callsites/-/callsites-3.1.0.tgz. Extracting by manifest.
692 silly tarball no local data for braces@https://registry.npmjs.org/braces/-/braces-3.0.3.tgz. Extracting by manifest.
693 silly tarball no local data for brace-expansion@https://registry.npmjs.org/brace-expansion/-/brace-expansion-1.1.11.tgz. Extracting by manifest.
694 silly tarball no local data for binary-extensions@https://registry.npmjs.org/binary-extensions/-/binary-extensions-2.3.0.tgz. Extracting by manifest.
695 silly tarball no local data for balanced-match@https://registry.npmjs.org/balanced-match/-/balanced-match-1.0.2.tgz. Extracting by manifest.
696 silly tarball no local data for argparse@https://registry.npmjs.org/argparse/-/argparse-2.0.1.tgz. Extracting by manifest.
697 silly tarball no local data for arg@https://registry.npmjs.org/arg/-/arg-5.0.2.tgz. Extracting by manifest.
698 silly tarball no local data for anymatch@https://registry.npmjs.org/anymatch/-/anymatch-3.1.3.tgz. Extracting by manifest.
699 silly tarball no local data for any-promise@https://registry.npmjs.org/any-promise/-/any-promise-1.3.0.tgz. Extracting by manifest.
700 silly tarball no local data for ansi-regex@https://registry.npmjs.org/ansi-regex/-/ansi-regex-6.1.0.tgz. Extracting by manifest.
701 silly tarball no local data for ajv@https://registry.npmjs.org/ajv/-/ajv-6.12.6.tgz. Extracting by manifest.
702 silly tarball no local data for acorn@https://registry.npmjs.org/acorn/-/acorn-8.12.1.tgz. Extracting by manifest.
703 silly tarball no local data for acorn-jsx@https://registry.npmjs.org/acorn-jsx/-/acorn-jsx-5.3.2.tgz. Extracting by manifest.
704 silly tarball no local data for eslint-visitor-keys@https://registry.npmjs.org/eslint-visitor-keys/-/eslint-visitor-keys-3.4.3.tgz. Extracting by manifest.
705 silly tarball no local data for semver@https://registry.npmjs.org/semver/-/semver-7.6.3.tgz. Extracting by manifest.
706 silly tarball no local data for minimatch@https://registry.npmjs.org/minimatch/-/minimatch-9.0.5.tgz. Extracting by manifest.
707 silly tarball no local data for eslint-visitor-keys@https://registry.npmjs.org/eslint-visitor-keys/-/eslint-visitor-keys-3.4.3.tgz. Extracting by manifest.
708 silly tarball no local data for globals@https://registry.npmjs.org/globals/-/globals-14.0.0.tgz. Extracting by manifest.
709 silly tarball no local data for brace-expansion@https://registry.npmjs.org/brace-expansion/-/brace-expansion-2.0.1.tgz. Extracting by manifest.
710 silly tarball no local data for string-width@https://registry.npmjs.org/string-width/-/string-width-4.2.3.tgz. Extracting by manifest.
711 silly tarball no local data for emoji-regex@https://registry.npmjs.org/emoji-regex/-/emoji-regex-8.0.0.tgz. Extracting by manifest.
712 silly tarball no local data for color-name@https://registry.npmjs.org/color-name/-/color-name-1.1.4.tgz. Extracting by manifest.
713 silly tarball no local data for color-convert@https://registry.npmjs.org/color-convert/-/color-convert-2.0.1.tgz. Extracting by manifest.
714 silly tarball no local data for strip-ansi@https://registry.npmjs.org/strip-ansi/-/strip-ansi-6.0.1.tgz. Extracting by manifest.
715 silly tarball no local data for ansi-styles@https://registry.npmjs.org/ansi-styles/-/ansi-styles-4.3.0.tgz. Extracting by manifest.
716 silly tarball no local data for ansi-styles@https://registry.npmjs.org/ansi-styles/-/ansi-styles-6.2.1.tgz. Extracting by manifest.
717 silly tarball no local data for ansi-regex@https://registry.npmjs.org/ansi-regex/-/ansi-regex-5.0.1.tgz. Extracting by manifest.
718 silly tarball no local data for strip-ansi@https://registry.npmjs.org/strip-ansi/-/strip-ansi-6.0.1.tgz. Extracting by manifest.
719 silly tarball no local data for ansi-regex@https://registry.npmjs.org/ansi-regex/-/ansi-regex-5.0.1.tgz. Extracting by manifest.
720 silly tarball no local data for emoji-regex@https://registry.npmjs.org/emoji-regex/-/emoji-regex-8.0.0.tgz. Extracting by manifest.
721 silly tarball no local data for ansi-regex@https://registry.npmjs.org/ansi-regex/-/ansi-regex-5.0.1.tgz. Extracting by manifest.
722 silly tarball no local data for lru-cache@https://registry.npmjs.org/lru-cache/-/lru-cache-10.4.3.tgz. Extracting by manifest.
723 silly tarball no local data for brace-expansion@https://registry.npmjs.org/brace-expansion/-/brace-expansion-2.0.1.tgz. Extracting by manifest.
724 silly tarball no local data for minimatch@https://registry.npmjs.org/minimatch/-/minimatch-9.0.5.tgz. Extracting by manifest.
725 silly tarball no local data for glob-parent@https://registry.npmjs.org/glob-parent/-/glob-parent-5.1.2.tgz. Extracting by manifest.
726 silly tarball no local data for escape-string-regexp@https://registry.npmjs.org/escape-string-regexp/-/escape-string-regexp-4.0.0.tgz. Extracting by manifest.
727 silly tarball no local data for color-name@https://registry.npmjs.org/color-name/-/color-name-1.1.4.tgz. Extracting by manifest.
728 silly tarball no local data for ansi-styles@https://registry.npmjs.org/ansi-styles/-/ansi-styles-4.3.0.tgz. Extracting by manifest.
729 silly tarball no local data for color-convert@https://registry.npmjs.org/color-convert/-/color-convert-2.0.1.tgz. Extracting by manifest.
730 silly tarball no local data for chalk@https://registry.npmjs.org/chalk/-/chalk-4.1.2.tgz. Extracting by manifest.
731 silly tarball no local data for glob-parent@https://registry.npmjs.org/glob-parent/-/glob-parent-5.1.2.tgz. Extracting by manifest.
